user,dwell_mean,dwell_std,dwell_min,dwell_max,dwell_median,flight_mean,flight_std,flight_min,flight_max,flight_median,overlap_rate,session_break_rate,total_keystrokes,dwell_cv,flight_cv,click_dur_mean,click_dur_std,click_dur_min,click_dur_max,inter_click_mean,inter_click_std,inter_click_min,inter_click_max,double_click_rate,click_rate_per_sec,total_clicks,left_click_ratio,move_speed_mean,move_speed_std,move_speed_max,move_accel_mean,move_accel_std,pause_rate,direction_change_mean,direction_change_std,path_efficiency,move_range_x,move_range_y,rel_move_mean,rel_move_std,scroll_mag_mean,scroll_mag_std,scroll_down_ratio,inter_scroll_mean,inter_scroll_std,scroll_burst_rate,scroll_rate_per_sec,total_scroll_events
1,0.1325545816733067,0.2357344540456317,0.046,6.792,0.1095,0.4309143426294821,2.945414506228647,0.0,120.364,0.109,0.0557768924302788,0.0101593625498007,5020,1.778395367929427,6.83526681487424,0.3708024691358098,0.3646042305461806,0.1069999999999709,3.978,8.580790123456792,11.868880541735033,0.3490000000000464,55.37100000000001,0.0,0.0793208970419593,164,0.9817073170731708,350.99444502059697,749.3856362608819,8587.398660151335,429.3212288464003,849.1413517973514,0.1599511599511599,1.0813599029420025,0.9919453993371532,0.0015527941233434,1919.0,1199.0,4.531452169221525,6.172459334316156,120.0,0.0,0.4543761638733706,2.2738003731343284,13.520974455110336,0.3414179104477612,0.4406128539159159,537.0
2,0.1692918241495922,0.4218767377718926,0.046,9.812,0.109,0.4134654863735826,2.4837836963413853,0.0,85.416,0.093,0.1193554804058086,0.0123333996419335,5027,2.4920089312707008,6.007233440754924,0.4397976878612677,0.3451683171472822,0.0870000000002164,2.172000000000025,7.917749999999999,9.256257499755796,0.3389999999999418,49.144000000000005,0.0,0.0623673342254626,173,0.5,455.18169077611685,835.855080911568,8420.533531085252,586.604385087272,925.402533300426,0.1458531935176358,1.0381619609622768,0.9953685336745636,0.0016398093194952,1919.0,1199.0,8.61846773204436,7.516148624274691,120.0,0.0,0.5372829417773238,1.1481022494887525,5.113240586184416,0.2689161554192229,0.8718931570191406,979.0
3,0.0992526376366775,0.1881408446163085,0.046,9.8,0.078,0.6006178783809707,3.270616491697895,0.0,119.837,0.125,0.0065221561480913,0.0153462497602148,5213,1.8955752622415292,5.445419807539178,0.364883064516132,0.2999231864623186,0.087999999999738,2.354000000000269,7.197802469135803,9.1444910107537,0.2629999999999199,56.437000000000126,0.0164609053497942,0.0692481101384239,249,0.923694779116466,573.0263717466091,1128.6998843153692,12713.66533793036,750.3998320646928,1279.4615796724268,0.1392009987515605,1.0695952877849462,0.96912576063085,0.0009706529886407,1919.0,1199.0,11.69356683101286,11.68703375647688,120.0,0.0,0.6298076923076923,1.7451600481347775,11.37259069004356,0.4440433212996389,0.5737028936139696,832.0
4,0.1276917709829673,0.1048775666677633,0.046,3.057,0.12,0.4624845064641904,3.726224027717242,0.0,192.552,0.109,0.1253847732403037,0.0094397701621177,4873,0.8213337935594363,8.056970505250339,0.3465886075949365,0.4953499738357497,0.0939999999998235,4.164999999999964,7.554040268456372,11.79232148583237,0.2900000000004183,55.27099999999996,0.0201342281879194,0.0564543186303181,158,0.5,326.3052377605312,764.7299605407106,9936.371550606167,412.6190015298024,869.7690416167568,0.1492641906096706,0.9169533107595316,0.9152109032277174,0.0011436259966405,1919.0,1199.0,6.086282561935992,8.563890342453153,120.0,0.0,0.7898789878987899,1.3028491189427314,7.2602867684902845,0.5198237885462555,0.7683939045822142,909.0
5,0.1387321361058601,0.2052011143757732,0.046,8.072,0.125,0.4018298676748582,3.636040729553139,0.0,138.166,0.078,0.1869565217391304,0.010586011342155,5290,1.479117385024575,9.048706982864829,0.3840469314079377,0.3509129732069688,0.0860000000000127,3.628,5.504634057971015,7.618583466522909,0.2060000000000172,49.71500000000003,0.0108695652173913,0.1306300125743134,278,0.9964028776978416,437.6149370585861,782.8500237533834,8208.644522574614,563.5183028881886,890.3420684324377,0.1154929577464788,0.98182243415229,0.9506377764690984,0.0012126462335326,1919.0,1199.0,8.39348847227163,8.040496035137913,120.0,0.0,0.4395604395604395,3.8386363636363634,23.524597329734917,0.3223140495867768,0.26122683316289,364.0
6,0.1148107058061731,0.2877705879117142,0.046,9.75,0.078,0.4608886250809411,2.990862348442985,0.0,107.402,0.109,0.0386358730843945,0.0123030433844161,4633,2.506478693698976,6.489338607386397,0.4029235294117723,0.3312220865564943,0.125,2.4850000000001278,7.266698795180723,8.714463101662629,0.3429999999998472,42.48299999999995,0.0,0.0580745534627207,171,0.5,420.40709749079474,752.3560870246677,10228.76501682136,540.3387948689954,831.8400741776534,0.1229946524064171,1.154136433157925,0.957410516745021,0.0005519895684475,1796.0,1199.0,6.235816151516385,7.5858320655715055,120.0,0.0,0.5975820379965457,1.976339100346021,8.76376704106532,0.3615916955017301,0.5068614508668293,579.0
7,0.134008394356135,0.3097536899648653,0.046,9.859,0.109,0.4233145204500803,3.723036709217297,0.0,162.817,0.078,0.1457403107697803,0.0103589926772637,5599,2.311449901725388,8.794965750900433,0.3963319838056616,0.5330153273400926,0.0900000000000318,4.468,7.020379591836735,9.953170491017271,0.1739999999999781,53.80300000000011,0.0040816326530612,0.1017226127308938,247,0.5,514.8866083325206,870.0872995537857,7983.749438825703,663.1581771679611,964.2314893902276,0.1220556745182012,1.0710980229882685,1.010478052687782,0.0010238326128552,1919.0,1199.0,7.872385277662595,7.486201075368187,120.0,0.0,0.5414462081128748,2.6736113074204946,13.59416590325062,0.3657243816254417,0.374686769790334,567.0
8,0.2029498817966903,0.2465217277536733,0.046,9.124,0.156,0.4897583924349881,3.161225989052463,0.0,94.255,0.109,0.3,0.0148936170212765,4230,1.2146926402284484,6.454664254624473,0.4289347826086961,0.4886389438898839,0.1320000000000618,3.649999999999977,8.636050632911394,10.308749246283604,0.3709999999999809,56.60399999999993,0.0,0.0789387085331263,160,0.99375,526.294315237231,1001.9253083035924,8776.128712346937,673.5100562105374,1088.92697489383,0.1502695417789757,1.1352224784953395,1.009929885408367,0.0011270495006136,1919.0,1199.0,6.14947639839749,7.686060272801321,120.0,0.0,0.497907949790795,4.899789915966387,24.33228807516201,0.1848739495798319,0.2049479055010075,239.0
9,0.232013398754482,0.2471979505098234,0.046,5.944,0.171,0.2905818078882808,2.3874061363513204,0.0,108.823,0.109,0.309114927344782,0.0081147386299301,5299,1.065446874348019,8.215951830230198,0.3350833333333349,0.2493254278678497,0.125,2.2060000000000173,8.438006410256412,11.473136012786902,0.1740000000000918,52.837999999999965,0.0064102564102564,0.0646727361169854,163,0.9754601226993864,392.6517095087995,794.2365636171064,8826.278019273463,498.11263560021007,920.0378544212064,0.1376146788990825,1.0163404604944353,1.0198345415563232,0.0015121566736893,1719.0,1182.0,4.189321705055299,4.811371646277314,120.0,0.0,0.5474613686534217,2.943278761061947,10.055204096721113,0.163716814159292,0.3405088239140925,453.0
10,0.126315526518063,0.174635325208223,0.046,9.781,0.109,0.546543043812452,4.102465208472876,0.0,155.422,0.124,0.0359338970023059,0.0140276710222905,5204,1.3825325359606555,7.50620697659204,0.4080781758957697,0.3705881764093228,0.0969999999999799,3.2660000000000764,6.8147441860465126,10.29186986960895,0.2179999999998472,59.74800000000005,0.0099667774086378,0.0894062842167719,308,0.9902597402597404,446.52406560431575,903.1529731128352,10957.638811688304,514.2085026313117,937.7211890127952,0.1302644466209598,1.0679080216070709,0.9739560880281122,0.0009725522352265,1919.0,1199.0,6.494157540046487,8.95756980750445,120.5303867403315,7.960219767409663,0.6143646408839779,1.7296891592920354,11.528167137803786,0.3573008849557522,0.5787780939206556,905.0
11,0.2805005859375,0.5535557683461696,0.046,9.813,0.175,0.31918046875,2.2748120839828614,0.0,78.125,0.125,0.2373046875,0.008203125,5120,1.97345672735782,7.127040363377064,0.4691111111111186,0.3869813215258254,0.1400000000000432,1.90300000000002,7.403785340314136,9.222971907542831,0.3319999999999936,49.33200000000011,0.0,0.0765354482759703,195,0.5,459.5580440437006,882.159453150798,8108.69781528331,556.7349564154471,913.3843205671428,0.1728723404255319,1.0520478585496085,0.988886925164574,0.0021158658085554,1919.0,1199.0,5.255167216048761,8.373932912024507,120.0,0.0,0.5115089514066496,3.0042615384615385,18.557385976210632,0.2333333333333333,0.3337139891880081,391.0
12,0.5412525450973388,1.5210733298662893,0.046,9.984,0.171,0.2768694409716021,1.4994446641151395,0.0,42.526,0.125,0.2559385604572245,0.0066083229148062,5599,2.810283930568381,5.415710230978269,0.382076923076916,0.2817172782277835,0.1549999999999727,1.1909999999999172,8.148662790697673,11.06184643436405,0.2319999999999709,59.19200000000001,0.005813953488372,0.0668649697823224,177,0.5,409.4951060125829,743.0162264468299,6579.609219400171,523.3652735800518,816.3343173331716,0.1494708994708994,1.247477002623527,1.0435546073665745,0.0014872078495447,1912.0,1199.0,4.562755700698441,5.774642417407592,120.0,0.0,0.5380116959064327,3.746806451612904,15.007364591430909,0.1818181818181818,0.2676766372300633,342.0
13,0.248852427184466,0.6236115998910949,0.046,9.78,0.14,0.2191471567267683,1.5066757169447251,0.0,86.981,0.125,0.1632454923717059,0.0029126213592233,7210,2.505949437370094,6.875178028539248,0.3989381443298918,0.6036537174629649,0.1569999999999254,4.284999999999968,5.6806244343891406,9.132716093202552,0.1800000000000636,59.101999999999975,0.0135746606334841,0.1032669028217681,228,0.5,634.2868309248753,1032.8358489737718,7120.026463183442,780.8433750256056,1104.5923987219992,0.1045376220562894,1.3167650391528505,1.0522806738441088,0.0008344299138751,1919.0,1199.0,7.367314113448014,10.019696828988115,120.0,0.0,0.5933806146572104,3.1694834123222746,17.112041571853247,0.2085308056872037,0.3162564802672404,423.0
14,0.2298663951120163,0.2991108560510928,0.046,9.298,0.156,0.3828085539714867,3.7764837958969766,0.0,134.345,0.125,0.2295315682281059,0.0089613034623217,4910,1.301237859954836,9.86520221849135,0.3605156250000005,0.4868442595832761,0.1539999999999963,3.7049999999999272,5.42062676056338,9.098571935701942,0.3400000000000318,52.44200000000001,0.0,0.12329247415032,288,0.9375,575.1928169074645,999.6871613140612,8320.917126356475,682.4144627918096,1040.9076164172047,0.110441767068273,1.34346729314167,1.0382296059367764,0.0006294467099531,1739.0,1183.0,4.705836091145025,6.627560388510177,120.24439918533604,5.410006587660772,0.5366598778004074,1.4335688073394497,7.239500410546102,0.290519877675841,0.6982708907078063,982.0
15,0.096876617375231,0.1926481826125305,0.046,8.705,0.078,0.4666862292051756,1.6126138030636907,0.0,32.323,0.203,0.0027726432532347,0.011090573012939,2164,1.9885932006311555,3.455456154791993,0.2329999999999929,0.0880969433554418,0.125,0.5149999999999864,32.44060869565218,21.809910247884872,0.8419999999999845,59.62400000000002,0.0,0.0250639996266328,29,1.0,159.41344284400705,267.97946199313805,1904.223825097348,207.563195927462,284.01477007218,0.2314285714285714,0.8211079771379057,0.940924784032878,0.0554854101652165,1049.0,371.0,3.170864670171777,2.6873724192619277,120.0,0.0,0.5595026642984015,3.0042615384615385,14.045781473093813,0.4283727399165508,0.3337139891880081,388.0
16,0.0959172905525846,0.1055406405993285,0.046,5.707,0.078,0.5415805704099822,2.8628119711670674,0.0,77.204,0.14,0.0096256684491978,0.0155080213903743,5610,1.100329669356831,5.286031529897553,0.3134506437768243,0.2654378493278859,0.087999999999738,1.974999999999909,9.593531818181818,14.811064515602892,0.1849999999999454,59.79499999999996,0.009090909090909,0.0656663215192199,233,0.9399141630901288,467.0070108842418,790.8216437233011,8461.555496072782,535.814818754034,863.239923168856,0.1017357762777242,0.9702778407783031,0.9759950073969008,0.001094497422178,1919.0,1199.0,6.842798164268859,6.973804170492597,122.13438735177866,15.860985872448346,0.6442687747035574,2.083019801980198,12.534892958331778,0.6316831683168317,0.4810228866126387,506.0
18,0.2517783262811471,0.9083977406395723,0.046,9.688,0.109,0.7757127409496944,3.998224974105645,0.0,110.917,0.125,0.1003761165961448,0.0230371415138693,4254,3.607926679221841,5.154259770454038,0.2896130653266168,0.3800339260578408,0.0939999999998235,3.514000000000124,10.951823863636362,14.74893700128385,0.3260000000000218,59.483000000000175,0.0,0.0521565146238742,199,0.984924623115578,515.0463479532322,960.4512797514108,10295.49089346387,659.7705875997489,1087.8210458040785,0.1472303206997084,0.9526268059316488,0.9513326229033464,0.0013271304788198,1919.0,1199.0,8.673793056171412,8.976218690185235,120.0,0.0,0.4398422090729783,2.056446640316205,9.544414099362893,0.4189723320158103,0.4872367047806858,507.0
19,0.1930822138635142,0.3610964698847239,0.046,9.609,0.14,0.321348737238044,3.574876005797553,0.0,131.276,0.062,0.446534121440086,0.0089557585527494,5583,1.8701695130757896,11.124599513049924,0.3225925925925927,0.3789402507636671,0.1020000000000038,4.5190000000000055,6.973748815165877,9.432395069510855,0.3120000000001255,58.07899999999999,0.0,0.1022460838108335,218,1.0,404.6486863703954,668.543657893475,6162.362856272639,449.2167500792125,685.2829268387941,0.1227022058823529,0.8436521635549425,0.8657563975763974,0.0014129653927268,1916.0,1199.0,5.562977729055697,6.023800136394659,120.0,0.0,0.8137254901960784,2.4543713163064838,21.83914893969675,0.5068762278978389,0.4082367773308518,510.0
20,0.1940673563724411,0.5071810749170965,0.046,9.688,0.125,0.3606821483601145,2.873551810667668,0.0,80.708,0.075,0.2551177635923398,0.010345586616773,4543,2.61342806125389,7.966992055838146,0.3361407035175825,0.4406787595825898,0.1479999999999108,3.477000000000089,8.397933333333333,9.397895014756026,0.3539999999998144,51.70999999999992,0.0,0.0929556003880779,199,1.0,296.29092259867105,513.3834384977372,5627.658329320156,313.79225003961966,526.4325677402726,0.1352762070465419,0.8221797918440196,0.8897105094861695,0.0048030734388204,1679.0,1049.0,3.690730310610266,3.9877841990033662,120.0,0.0,0.5371621621621622,4.101583050847458,21.90938434705164,0.4101694915254237,0.2446347710309454,296.0
21,0.306923999377044,0.7731446400318132,0.046,9.968,0.172,0.2363669210403363,2.131452250360314,0.0,100.597,0.078,0.3553963557078337,0.0048279084254788,6421,2.519010053306504,9.017557283307754,0.3337419354838634,0.3247654750040565,0.0940000000000509,4.038999999999987,4.180545994065282,6.807513165621496,0.2029999999999745,56.75299999999993,0.0059347181008902,0.1281933200378189,341,0.997067448680352,411.7208469694871,714.9778457014161,8095.493715771359,484.0081502951747,789.1884324027204,0.1000662690523525,1.218228029671552,1.03741796534796,0.0009322092771623,1919.0,1199.0,8.52762440667866,9.622381098517584,122.1867881548975,16.0509356784363,0.5466970387243736,1.3606887115165338,6.468630107930495,0.3352337514253136,0.7357599444911859,878.0
22,0.1173001792114695,0.2401861870032337,0.046,9.797,0.093,0.3256954898446834,2.795721816988259,0.0,125.091,0.078,0.0958781362007168,0.0058243727598566,6696,2.047619949243423,8.583851800715674,0.3558720930232615,0.2890377968032669,0.0980000000000131,2.6399999999999864,5.103267716535433,7.239234704135248,0.2999999999999545,58.17899999999997,0.0039370078740157,0.1362684932982838,258,0.9844961240310076,509.24117446319536,793.4293204072997,6571.820358924548,622.5350067634805,852.8896648929338,0.0888456549935149,1.1853288904912642,1.0229887638263695,0.0023358061004047,1897.0,1199.0,9.18623728572277,8.38489706795396,121.0989010989011,11.430684504567775,0.5347985347985348,2.077748623853211,10.383926446086155,0.3467889908256881,0.4821732768266286,546.0
23,0.1027358762144656,0.1095879273202079,0.046,3.387,0.078,0.4538458078445483,2.42670181863121,0.0,78.407,0.1255,0.0145735876214465,0.0120546959337891,5558,1.0666957966216042,5.346974185255459,0.3497947019867581,0.4710251510822554,0.08400000000006,4.580999999999904,8.585293333333334,12.042782840936534,0.1759999999999308,56.519000000000005,0.0366666666666666,0.1002072377973789,304,0.9572368421052632,520.3626387613701,994.2543688617072,9997.397121599168,657.3083862848304,1126.7378905801263,0.1111111111111111,1.1517236918635037,1.0117380618686074,0.0026584705382753,1919.0,1199.0,8.9160454052994,9.63501485132425,120.0,0.0,0.6571428571428571,3.9145071770334927,20.91258965521174,0.3301435406698564,0.2566822957664533,210.0
24,0.0967843494085532,0.2043008854061974,0.046,9.548,0.078,0.6144686078252958,3.5710177618491428,0.0,102.293,0.156,0.0052320291173794,0.0150136487716105,4396,2.1108876244421246,5.811554433167147,0.2515724637681307,0.1840612251509902,0.0940000000000509,1.3759999999999764,9.500139534883717,12.887919539555236,0.1999999999998181,57.9380000000001,0.0465116279069767,0.0439855077314091,138,0.9855072463768116,419.2043253223169,693.5430175504702,6155.264927264387,480.6579283235933,761.7426572157914,0.1072886297376093,0.9216498106422136,0.9089447854216204,0.0018265633248827,1919.0,1199.0,7.256040705646255,7.01319861853963,120.0,0.0,0.6011315417256011,1.7036373937677054,8.502694587489318,0.3441926345609065,0.5878107831269206,707.0
25,0.1423791219144526,0.4456096852156519,0.046,9.469,0.093,0.4542837761447145,4.194021353630252,0.0,237.164,0.109,0.0427736951196532,0.0090446579988694,5307,3.129740366592463,9.232161864160926,0.3206574923547494,0.2338569156566496,0.1100000000001273,2.0650000000000546,4.15008125,6.223311193580833,0.2329999999999472,39.1400000000001,0.009375,0.121577473292924,327,0.9388379204892966,519.7353105483762,868.8737151550824,7777.937254092788,613.3567001185199,964.5040964957944,0.0826210826210826,1.1783380424075305,1.018240037647142,0.001079054114307,1919.0,1199.0,9.771196899489894,12.66496198856543,120.2158273381295,5.084554959448813,0.4730215827338129,1.712255855855856,7.781112593697578,0.3621621621621622,0.5850771649433548,556.0
26,0.1211521980637994,0.2622544181666836,0.015,7.652,0.094,0.4184718298682749,3.899462515104658,0.0,169.612,0.078,0.1366449769877797,0.0084113632756705,6301,2.164669088616775,9.318339340385508,0.1424427480916065,0.2116381457523398,0.0259999999998399,2.48700000000008,6.156791338582679,8.3763330113065,0.0549999999998362,52.19700000000012,0.0236220472440944,0.086804031285233,262,0.9541984732824428,610.1837313403223,1053.1995153233063,13821.70449738293,423.2918253384383,730.9716264457307,0.0625311410064773,0.5101896412804728,0.7342498839347642,0.0008148753661053,1679.0,1049.0,5.284836087234597,5.609740396563773,120.0,0.0,0.5186335403726708,1.8669828926905128,8.433753272751597,0.7309486780715396,0.5364565545161478,644.0
27,0.1266282901776161,0.1419932570479924,0.046,4.961,0.11,0.4905296383479563,5.302871212539263,0.0,193.534,0.077,0.1604964690776802,0.0113417504814894,4673,1.1213391324231303,10.810501135871592,0.2969082125603903,0.2691484447194024,0.0899999999999181,2.747000000000071,7.893836633663366,9.540142547145,0.3119999999998981,44.73599999999988,0.0,0.0740812316809997,207,0.9178743961352656,462.5310108542389,875.3264538666591,14090.742781694562,543.5930304731346,985.2971736772904,0.1117519826964671,0.964149339940814,0.9117423702827804,0.0011648748926467,1919.0,1199.0,6.225302186141295,9.17698993258443,120.0,0.0,0.6128,1.7969791666666668,7.8568248692973635,0.3125,0.557381288933083,625.0
28,0.196220913576317,0.6926187113423146,0.015,9.88,0.109,0.2915648575521248,2.1887958573264505,0.0,97.041,0.062,0.2918987744707942,0.0077988222186853,6283,3.529790472986109,7.507063353597566,0.1664541062801904,0.2612997179098311,0.0240000000000009,2.348999999999989,6.993794117647059,9.415796835937554,0.1870000000000118,52.167,0.0147058823529411,0.1017170026603664,207,1.0,689.5858327295228,1129.9552027797683,11767.188577806231,615.3383734488273,928.225233679361,0.0874963904129367,0.5967767811536736,0.7887362792325976,0.001601067971319,1679.0,1049.0,7.74542923352845,6.704326298400436,120.0,0.0,0.6439393939393939,8.764358778625953,34.811600960324945,0.648854961832061,0.1149694590599853,132.0
29,0.0873164153748141,0.2232676263929325,0.015,9.735,0.078,0.5572694839668719,3.1337135981540998,0.0,142.82,0.141,0.0178381822042896,0.0150775111488638,4709,2.556994872436466,5.623336084809535,0.1667758620689588,0.2874102284494449,0.04200000000003,2.152999999999992,10.236261261261262,10.07261800846013,0.3300000000000409,54.827999999999975,0.0,0.0568269496910034,116,1.0,744.3106887205658,1394.6037916305495,10445.313408730755,735.2430416076161,1214.9792850805648,0.1131597975415762,0.6288462504662272,0.7803892976340918,0.0020242903954804,1679.0,1049.0,6.445496342868563,6.5885199098718505,120.0,0.0,0.5244755244755245,7.054753521126761,42.58255618045707,0.5774647887323944,0.1427466247410845,143.0
30,0.1381756921824104,0.3439834780124179,0.015,9.532,0.11,0.4266500407166124,4.392559569668331,0.0,195.471,0.047,0.2481677524429967,0.0087540716612377,4912,2.489464482351307,10.295462675429432,0.2671920529801319,0.5230986853728762,0.030999999999949,3.527999999999963,8.742624161073824,10.71284948243192,0.099999999999909,54.19400000000002,0.0201342281879194,0.0771180967253728,152,1.0,319.9061448565894,536.6083630268581,6371.478133868149,222.7488374504233,397.4082701828811,0.0691908514318662,0.419374414334884,0.6194362771484041,0.0022268012833297,1671.0,1039.0,3.9056186866647824,4.165252996917877,120.0,0.0,0.6240875912408759,3.973622710622711,13.593939269308684,0.4871794871794871,0.2525813537807465,274.0
31,0.1313536047081902,0.2408367995513835,0.046,9.738,0.109,0.5616042177538009,4.83637121929384,0.0,139.7,0.078,0.159882295242766,0.0139774399215301,4078,1.8334997359715908,8.611707438091276,0.4194505119453916,0.6201608855784531,0.1030000000000086,4.495000000000118,5.23440418118467,7.696112167301738,0.3009999999999309,47.822,0.0,0.1379507049933494,296,1.0,355.3723884614705,646.1376647224585,6569.667120375647,421.3796126885386,706.9706252373811,0.1058238636363636,0.965201120420146,0.9384487283426416,0.0016535866866809,1919.0,1199.0,5.3189615343708105,6.004354767075697,120.0,0.0,0.4716981132075472,6.580075949367089,23.611366502078987,0.2911392405063291,0.1529357900528253,159.0
32,0.1134646074646074,0.2525017557154072,0.016,8.471,0.093,0.378631435006435,1.7974728041100692,0.0,47.921,0.11,0.1356177606177606,0.0104568854568854,6216,2.2253790089933463,4.747288888149291,0.2040520833333279,0.448001054913933,0.0240000000000009,4.596000000000004,6.773888888888888,9.279592010241792,0.0829999999999699,48.192999999999984,0.0211640211640211,0.0966192764968353,193,0.9430051813471504,597.1703812726568,1001.7352574665568,7594.642032125996,455.8681744516422,730.8893212220258,0.0744279049100199,0.5392068819170248,0.7344912430046386,0.0023452547361295,1646.0,1049.0,5.469202638123635,5.164537884157242,120.0,0.0,0.6313559322033898,5.217902127659575,23.12506939718157,0.548936170212766,0.1924634258326693,236.0
33,0.1246819005435876,0.3969623348994301,0.015,9.77,0.094,0.4188093416549225,2.117879171089793,0.0,72.43,0.094,0.0505335212401852,0.0140930138916851,4967,3.1838008016300305,5.05690527990853,0.1918433734939771,0.2760280593062224,0.0339999999998781,2.463999999999942,7.042719008264461,9.582247693688169,0.0780000000002019,55.988000000000056,0.024793388429752,0.0975068783466592,249,0.927710843373494,599.7836744585356,1161.0525615878898,17531.91489360752,479.1603898813229,922.1350537499172,0.0568267066766691,0.5850175686580609,0.7833154282375994,0.0012180218999748,1679.0,1049.0,6.063165237429212,6.684407603407091,120.0,0.0,0.5887096774193549,8.171821138211381,37.12280004114504,0.6910569105691057,0.1233666356923554,124.0
34,0.1904803447550977,0.3643900895838541,0.046,9.939,0.14,0.4095095648517973,3.281102714082012,0.0,84.26,0.062,0.3975194450283792,0.0147151566113096,4757,1.913006247717336,8.012273694436056,0.3972169811320835,0.3917916515218453,0.1089999999999236,2.8729999999999905,6.744733009708737,10.200704897191658,0.2819999999999254,54.56899999999996,0.0097087378640776,0.096488720832643,212,0.9481132075471698,432.7822651027349,824.1632826788135,7325.629288149737,517.575722638298,840.7537023414048,0.1503611293499671,1.061453682360127,0.9605751356850531,0.0011587303007183,1919.0,1199.0,7.168208458954084,8.722876375707843,120.0,0.0,0.5941422594142259,4.740222689075631,14.045781473093813,0.134453781512605,0.2118469419140504,239.0
35,0.1888917180380595,0.655857662420645,0.046,9.999,0.11,0.3855202358616992,2.861844062243121,0.0,143.128,0.0675,0.2544894130259983,0.0103189493433395,7462,3.472135619458431,7.423330336594246,0.3746607142857127,0.446895832253126,0.0929999999999608,3.574000000000069,9.239710280373831,11.010792619622087,0.3269999999999982,55.879,0.0,0.047619147074242,114,1.0,437.1990802271597,771.0948631808426,8772.836180073582,535.7056699614149,870.961932185031,0.1448948948948949,1.005490800414296,0.9492906791259774,0.0020075699511185,1919.0,1199.0,6.69069139497084,6.545345703833719,120.0,0.0,0.4771573604060913,5.451602040816326,28.258227753707484,0.3775510204081632,0.1843681973282521,197.0
36,0.226703007518797,0.6205426470881941,0.015,9.578,0.141,0.2895672932330826,1.9049477464985185,0.0,80.451,0.016,0.45,0.0091478696741854,7980,2.737249293160533,6.578601212966275,0.1375119047619122,0.1506625442478384,0.0320000000001527,1.4039999999999964,9.970538461538462,11.801763666555658,0.1009999999998854,56.862,0.0364372469635627,0.0758033576676149,252,0.988095238095238,552.6787148322818,1029.9182778210206,13595.89451519936,451.35455781793,821.3211469443233,0.073062599751729,0.6205586290776024,0.7725172851968488,0.0012178465435316,1679.0,1049.0,5.273142400690404,5.852849618319708,122.1556886227545,15.938495578073413,0.5299401197604791,3.568534534534534,17.609561749730624,0.6486486486486487,0.281068599251718,334.0
37,0.1333122441384443,0.1989498729238367,0.046,8.673,0.109,0.3960327502791216,2.5655397377469527,0.0,82.632,0.094,0.1077409750651283,0.010048381094157,5374,1.492360091974957,6.478099944862577,0.3553450479233236,0.2510854565701433,0.086999999999989,1.820999999999913,4.735717041800643,6.850822540119162,0.2420000000001891,49.220000000000006,0.0192926045016077,0.1561277134672373,313,1.0,450.6477961530748,740.4459914416277,8400.609501696887,505.8718411444319,791.6107772788797,0.0814013395157135,0.9668552782780916,0.958036194775212,0.0010828026761385,1910.0,1199.0,7.090453672770966,7.417582042480229,120.0,0.0,0.6666666666666666,10.22838947368421,34.29476889902867,0.1368421052631579,0.0987962296888845,96.0
38,0.1180667363652204,0.2385276638032525,0.011,9.977,0.109,0.3391217982226869,2.318078148643331,0.0,62.369,0.048,0.2484753441366091,0.0085380728349886,5739,2.0202782862177675,6.835532722438407,0.1456572580645177,0.1659226387329232,0.0230000000000245,1.3719999999999573,5.352983673469388,7.653568785796409,0.0750000000000454,59.514,0.0530612244897959,0.1249176450203192,248,0.9556451612903226,558.4966531040883,970.022009349177,10672.506734557312,460.7987533595211,764.3921528208102,0.0655374067352288,0.6204348338733143,0.7997889642434587,0.001903554335807,1679.0,1049.0,5.500424481276785,5.513726262697901,121.86666666666666,14.84976617848091,0.5866666666666667,2.604824053452116,14.823392159257184,0.7750556792873051,0.3847581068533114,450.0
39,0.1195231508444962,0.2564741833892064,0.046,7.815,0.094,0.3549959231217239,1.8892684592671984,0.0,69.594,0.109,0.0515433896330809,0.0074257425742574,6868,2.145811765980704,5.321944101930969,0.3405090909090881,0.3055376109999258,0.1369999999999436,2.258000000000038,7.078757575757574,9.84464900040781,0.3489999999999327,55.333,0.0,0.0519030733697126,110,1.0,460.3747830245394,887.7435904560193,8590.293399576292,535.2628697064164,982.602924561901,0.1133167907361455,1.0851931109165422,0.974507104672741,0.0018192015255717,1919.0,1199.0,8.714573456284981,10.331049784039497,120.0,0.0,0.9032258064516128,19.512475409836064,49.52816356364427,0.1967213114754098,0.0520894156827788,62.0
40,0.1016014946962391,0.1241308031823921,0.015,3.902,0.093,0.5760409836065574,3.9211359554781855,0.0,138.817,0.109,0.0998071359691417,0.0197685631629701,4148,1.2217419000922134,6.8070433650887,0.1763839285714232,0.3137338284260232,0.0409999999999399,3.09699999999998,6.255773755656109,8.319864019154984,0.0980000000001837,58.172,0.0497737556561085,0.1085256069561038,224,1.0,547.4731260823429,928.4477857224454,12951.148400708513,394.54752043873737,675.990641128074,0.0922782691847956,0.5553087475296127,0.7430273127661887,0.0029080617098044,1679.0,1049.0,4.906064171580048,4.846924368683132,120.0,0.0,0.4798387096774194,4.992821862348179,19.96579249740012,0.6234817813765182,0.2010984190258565,248.0
41,0.1374523386619301,0.0866317143776005,0.046,4.18,0.125,0.5944997039668443,3.907297732780505,0.0,125.286,0.125,0.13597789619104,0.0130254588513913,5067,0.6302673000761005,6.572413252199731,0.3328611111111227,0.291608342051984,0.155999999999949,2.270999999999731,12.664300000000006,12.483406415851915,0.3489999999999327,52.97800000000001,0.0,0.0195683972558584,72,0.5,354.7597375886314,676.3899200282527,7980.30834521046,429.2059894272952,774.6153251040981,0.1435045317220543,0.857938111965883,0.8856357010894081,0.0026944558469361,1919.0,1199.0,6.039192402834827,6.211359376998031,120.0,0.0,0.6785714285714286,3.5225945945945942,23.528168013274467,0.5315315315315315,0.2864391521401097,112.0
42,0.1873739279588336,0.6499005091683334,0.015,9.937,0.109,0.3983077949304364,3.0602467583295345,0.0,136.561,0.063,0.2439489231942062,0.010482180293501,5247,3.4684681921762226,7.683120434195871,0.1602857142857078,0.4038825116324174,0.0310000000000627,3.894999999999982,9.41575609756097,11.73815510451216,0.3780000000000427,47.81700000000001,0.0,0.0451104487200777,91,1.0,449.7023832696338,836.0953688226407,11556.012351046033,360.5601093794028,690.4554367683761,0.0770967741935483,0.5262631866712515,0.7325181617411596,0.0033173544649857,1569.0,1049.0,5.095927603469422,5.822920309558231,120.0,0.0,0.6534296028880866,2.9834963768115945,13.997645099174742,0.6702898550724637,0.3363916229985002,277.0
43,0.1470388232939763,0.4986457272881516,0.046,9.61,0.078,0.4538631178707225,2.913752462513726,0.0,93.787,0.078,0.0604362617570542,0.0120072043225935,4997,3.3912521612826265,6.419892579470787,0.3749098360655707,0.2600579854664949,0.100999999999999,1.6380000000000052,5.726222222222221,7.661018205866457,0.2720000000000482,47.77800000000002,0.0082304526748971,0.1163952669709977,246,1.0,516.6529895435749,896.0324066733692,7406.99070492224,674.8331509235853,1004.2707935631048,0.1157024793388429,1.197875046776355,1.0143708684725337,0.001089493472192,1919.0,1199.0,7.755687262315578,7.964375172423939,120.0,0.0,0.4876847290640394,2.874217283950617,13.15560671338392,0.2444444444444444,0.3487798717933298,406.0
44,0.1052853368560105,0.0942534105273849,0.016,3.26,0.094,0.4817391017173052,3.004828522722348,0.0,93.071,0.094,0.0266402465874064,0.0147512109202994,4542,0.8952187772955225,6.237460301666866,0.1366117021276575,0.1532552566564972,0.0249999999999772,1.52800000000002,6.989972826086958,9.53130658525303,0.0829999999998563,47.255,0.108695652173913,0.0963897426957852,188,0.9308510638297872,440.5782026040866,737.2844287492838,8709.5028684482,313.0043762730756,526.5562644019907,0.0935329861111111,0.5016302572832336,0.697687248387783,0.0013994263498763,1346.0,1049.0,4.0834523451325095,4.2035651808802985,120.30927835051548,6.084221311208043,0.5257731958762887,3.0384935400516797,11.430018690625406,0.7002583979328165,0.32996087242335,388.0
45,0.0989257082896117,0.088511228398611,0.046,2.247,0.078,0.5307385099685205,2.872446096351486,0.0,68.611,0.14,0.0398740818467995,0.0136411332633788,4765,0.8947242322439423,5.412168219189255,0.2868923076923099,0.2618345214204886,0.1099999999999852,2.917,6.779683937823834,9.712797909547533,0.2450000000000045,48.644000000000005,0.005181347150259,0.1001843906554165,195,1.0,398.1556931414409,785.2092946795756,9796.208246051125,490.8133996756043,895.443492389535,0.1034482758620689,0.9864299739464372,0.9690651741133328,0.0013212590599629,1919.0,1199.0,5.53818100655836,6.844670634972976,120.0,0.0,0.4407894736842105,2.204424175824176,13.48180001165055,0.2791208791208791,0.4546301992097809,456.0
46,0.1563046083901632,0.3934505701859738,0.016,9.204,0.125,0.5412901425914445,3.145954171957137,0.0,147.825,0.12,0.1570572432320727,0.0183922297995453,4839,2.517203902292205,5.811955408786455,0.1783562499999973,0.2725583274015644,0.0229999999999108,2.0720000000000027,8.32468152866242,13.10756812749976,0.0509999999999877,56.73700000000002,0.0764331210191082,0.079417118061984,160,0.8625,556.3526276931937,881.3618422681025,12079.999999956051,427.888369639308,751.6434706007852,0.0688131313131313,0.5454966522210016,0.7296993905444344,0.0022122986803035,1679.0,1049.0,6.158691793502221,5.929731136697458,120.0,0.0,0.8258928571428571,4.982995515695068,25.73840919410189,0.6681614349775785,0.2015824220128004,224.0
47,0.1827229851825081,0.2767329468339771,0.046,8.148,0.141,0.3782574990964944,2.9020981377188755,0.0,85.345,0.063,0.3227322009396458,0.0104806649801228,5534,1.5144944493850598,7.672281830897801,0.3020752212389269,0.214630323481316,0.0860000000002401,1.5139999999998963,5.939306306306307,7.710158993689975,0.2319999999999709,54.27999999999997,0.009009009009009,0.0784438952600449,226,0.8938053097345132,374.6612782850276,544.1730176380602,5284.816925956774,393.5596711048967,552.6458315350889,0.0882475951484734,1.016395445033728,0.9114157769914328,0.0012676112359597,1919.0,1199.0,5.1957144380325655,4.72955409242801,121.33333333333331,12.578641509408804,0.5444444444444444,2.6594432071269485,11.193229025603076,0.2472160356347438,0.3768560158782001,450.0
48,0.108396197882912,0.3121909117492037,0.015,9.335,0.087,0.5177582631237848,3.9873691008309136,0.0,185.293,0.109,0.0216029379995679,0.011449557139771,4629,2.880090979634061,7.701217701044435,0.1850693641618517,0.3878403757196078,0.030999999999949,2.786000000000058,7.663601190476191,9.582249020938884,0.3640000000000327,40.90599999999995,0.0,0.0861085933887514,173,0.9653179190751444,532.5611421048569,945.4490898087948,10757.144656402554,400.2562942889508,705.5207737519302,0.0790876145811127,0.4877922803085841,0.6832609639358813,0.0017317189804798,1679.0,1049.0,5.591019638473669,5.578251046604587,120.0,0.0,0.5357142857142857,4.081265232974912,15.194305843737007,0.5197132616487455,0.2459002716319786,280.0
49,0.1291850723533892,0.4292780132572551,0.046,7.519,0.0795,0.5393617669459254,2.8548646246152565,0.0,108.687,0.116,0.0373191165270373,0.018088347296268,5252,3.3229691746655816,5.293042257667988,0.284951388888878,0.297456867318167,0.1000000000001364,2.694999999999993,9.986647058823529,11.912083533569048,0.2659999999999911,55.643,0.0073529411764705,0.0699060685749405,144,1.0,369.80250370911887,663.8485349356157,7256.505329401096,400.93247930143946,691.644695845684,0.105865522174535,0.9139834215596784,0.9100688850262596,0.0025379253123242,1919.0,1199.0,6.66918981577475,6.53880261309264,120.88888888888889,10.2896328024802,0.4814814814814814,4.219483271375465,15.779495808867342,0.3308550185873606,0.2378768696461185,270.0
50,0.1216660879629629,0.294796085082416,0.046,9.828,0.078,0.3500095486111111,2.446586535224304,0.0,99.421,0.078,0.077980324074074,0.0085358796296296,6912,2.422993046116158,6.99005654255067,0.3494105960264908,0.3466106136626775,0.09800000000007,4.071000000000026,4.748073578595318,7.802873950510979,0.2659999999999627,56.98700000000008,0.0033444816053511,0.1486225923017421,303,0.924092409240924,565.8125940997146,849.4861758172127,8045.636088735359,663.8406014012207,916.5694782654432,0.0826251180358829,1.1882388545069429,1.041719774482973,0.0040197558346293,1919.0,1199.0,8.876190732336775,8.323816064380923,120.0,0.0,0.5511551155115512,3.6740397350993375,18.15464098834344,0.2450331125827814,0.2730812213850535,303.0
51,0.2982377762893503,0.8711286125552398,0.015,9.731,0.11,0.2837754855994642,1.9422086592623984,0.0,66.444,0.088,0.1793703951774949,0.0060281312793034,7465,2.9209197553500763,6.84417350272368,0.1118181818181828,0.1042879041027695,0.0389999999999872,0.8419999999999996,8.08242372881356,9.814061601018697,0.0739999999999554,41.41500000000019,0.0677966101694915,0.0639973131368052,125,0.5,612.3793241985401,1043.1343431694472,11455.308083830249,447.9440049165642,769.574977383795,0.0584323040380047,0.5485397706242614,0.704518282964919,0.001316955780559,1679.0,1049.0,5.272846102326496,5.391642449274554,120.0,0.0,0.5638474295190713,1.759513289036545,11.469039146509855,0.6644518272425249,0.5692830715229125,603.0
52,0.1251342190427525,0.1487261562270196,0.046,8.44,0.097,0.3350340657468915,2.989728578986961,0.0,151.414,0.063,0.1626639414069153,0.0093680803951626,5871,1.1885330596597787,8.923655486560625,0.3343348416289493,0.3900280487750966,0.1290000000000191,4.788999999999987,6.555958525345622,9.943990972165102,0.3269999999999982,59.19599999999991,0.0,0.1022634463706888,221,0.5,648.3708122541441,1113.7469284588203,9339.072152220268,809.3549572512412,1205.3378978108285,0.1063084112149532,1.2039826474468691,1.0137924107168497,0.0006651988665365,1919.0,1199.0,11.372168340463212,13.632663069108665,120.0,0.0,0.519774011299435,5.4585170454545455,27.787900750591245,0.2386363636363636,0.1842408496313621,177.0
53,0.1296334851936218,0.1477484817875022,0.016,6.692,0.125,0.6129364464692483,4.269859578815195,0.0,157.367,0.141,0.0223234624145785,0.015261958997722,4390,1.139740103159486,6.966235412188723,0.2076432748538004,0.3617167904450384,0.0370000000000345,3.8530000000000086,7.671560240963855,9.55678754089431,0.0769999999999981,47.91899999999987,0.0120481927710843,0.0878395177148164,171,0.9298245614035088,469.6648221885777,707.9347514566025,8307.686276002865,300.63502392817463,473.5174302654721,0.0638573743922204,0.4759655557268125,0.6934180422558103,0.0015081636916071,1674.0,1049.0,4.146970385762998,4.124502014294343,120.0,0.0,0.5865384615384616,4.962400966183576,21.653164586883506,0.5748792270531401,0.2024888606789023,208.0
54,0.1461125453812021,0.5315834213660424,0.046,9.547,0.086,0.461816054860831,3.052058394437876,0.0,93.584,0.078,0.1075030254134731,0.0137152077450584,4958,3.638177816827168,6.608818299653135,0.3039055555555568,0.2663945006360542,0.1239999999999952,2.539999999999964,7.397318181818182,8.522913879714674,0.2730000000000245,54.36599999999999,0.0170454545454545,0.0941713648292324,181,0.9834254143646408,652.5671088567711,1084.8602242834816,7179.886655944964,921.911880844608,1232.933066017782,0.1398929049531459,1.1041550925507737,0.9716191612043236,0.0028431306274626,1919.0,1199.0,11.847524091472271,9.46311545807654,120.0,0.0,0.5720930232558139,5.505504672897197,20.880684131545596,0.3644859813084112,0.1824851592883248,215.0
55,0.1103912359992139,0.3062086225574371,0.015,9.828,0.093,0.4907651797995677,2.5297742939750827,0.0,64.334,0.125,0.0505010807624287,0.0131656514049911,5089,2.7738490269247227,5.15475506026785,0.2420384615384606,0.3500969502710444,0.0319999999999254,2.7919999999999163,6.768106837606838,8.398736710645212,0.0929999999999608,47.143,0.0299145299145299,0.1146073055629032,237,0.9915611814345991,490.0227127412271,836.8049658347159,9125.898753970165,374.9686573890077,651.9780903320568,0.0625662778366914,0.5222861710699599,0.7410952241751996,0.0013980109020092,1655.0,1049.0,5.4114758634238695,5.16922890428431,120.0,0.0,0.7419354838709677,13.734032520325204,71.91889830166875,0.6504065040650406,0.0734037930818108,124.0
56,0.1386691651051426,0.2825405092727828,0.046,9.22,0.113,0.501895690193629,2.634135704352049,0.0,59.093,0.14,0.045804705392463,0.0114511763481157,4803,2.037515038462611,5.248372830888052,0.3243799126637586,0.2737561145463605,0.1179999999999381,2.018000000000029,6.507045045045047,9.049655154832942,0.3280000000002019,54.95900000000006,0.0,0.0752846680965274,229,0.9563318777292577,443.68250133675207,739.164982156383,7807.486631020296,500.4405460265888,766.6338329483935,0.1101541251133272,1.0506527689240428,0.9450478967311676,0.0011338899076626,1919.0,1199.0,6.698648465647765,7.906990362362538,120.0,0.0,0.5182648401826484,2.6536064073226537,9.854626483824877,0.2723112128146453,0.3777079851607328,438.0
57,0.1445767206903809,0.2716330162806966,0.014,9.24,0.125,0.4660345190486213,3.258581815722225,0.0,115.833,0.063,0.2843611871185014,0.0141022942538412,4751,1.8788157248525077,6.992146895844548,0.164622009569377,0.2542094334807491,0.0249999999998635,1.6539999999999964,7.019849514563108,8.42356511428716,0.0499999999999545,58.702999999999975,0.0631067961165048,0.0816039988302125,209,1.0,503.20630833076166,812.7263730828315,10018.526241243346,342.2705018254135,619.828817275929,0.0598512368102404,0.4506827448640495,0.6631190618643934,0.0012166028766909,1678.0,1049.0,5.562344637812025,5.431975843367314,120.0,0.0,0.6610878661087866,4.778815126050421,22.33531949624708,0.6428571428571429,0.2101361224873786,239.0
58,0.1203644014306753,0.2463211043734334,0.046,8.301,0.078,0.4970500736377025,4.345821758608274,0.0,193.293,0.094,0.0791079318325268,0.008626130864717,4753,2.0464614241886427,8.743227270449864,0.4144638554216946,0.4581748711452802,0.125,3.380000000000109,9.433981707317072,12.362367474183037,0.3279999999999745,59.031000000000176,0.0,0.0802510019289246,166,0.993975903614458,449.4124816637784,845.8905590880782,9650.19985332027,548.2766182322342,938.4922356666874,0.1586538461538461,0.9314198910093884,0.9443371942151738,0.0014634465552451,1919.0,1199.0,8.217650811758094,9.440275850594896,120.0,0.0,0.5951008645533141,1.6878181818181817,9.390012818200027,0.4516594516594516,0.5933358297895625,694.0
59,0.116036308623298,0.1302312568429278,0.046,4.806,0.094,0.4814341906202723,2.9224240931971237,0.0,91.403,0.14,0.0340393343419062,0.010590015128593,5288,1.1223319527141502,6.07024625615376,0.3214256198347109,0.2380366243884232,0.0909999999998945,2.1140000000000327,5.144337606837609,6.833027572999552,0.20799999999997,45.906999999999925,0.0085470085470085,0.1156856886764266,242,1.0,515.3670808377885,861.6981175787369,7274.487998823761,603.1482773107957,907.1838449382244,0.1096059113300492,1.0701874723032718,0.970905398174215,0.001261586905861,1919.0,1199.0,8.57611448354641,9.491653761823397,120.0,0.0,0.5952380952380952,1.7675214626391096,10.696678549084698,0.4435612082670906,0.5666634585719541,630.0
60,0.1484404494382022,0.2099901151618204,0.046,7.863,0.125,0.468579570990807,2.953839919680607,0.0,76.986,0.093,0.1726251276813074,0.01511746680286,4895,1.4146421407140926,6.3038171157029765,0.3338376623376588,0.2086495063584547,0.0860000000000127,1.7140000000000557,4.731322475570032,7.175161821388456,0.2179999999998472,58.313,0.013029315960912,0.1494547802555241,309,0.941747572815534,509.648345155275,852.9767277243593,7612.20177868826,630.0572222441003,967.0753931139368,0.095617529880478,1.0294840928762343,0.9553961176286364,0.0009463548423381,1919.0,1199.0,6.952543549662079,8.240089319173768,120.0,0.0,0.646551724137931,5.148428571428572,17.155904900243435,0.1688311688311688,0.19507486418333,232.0
61,0.1275621880199667,0.4614485331911108,0.015,9.994,0.078,0.5957508319467554,4.473435945561112,0.0,175.127,0.141,0.0314059900166389,0.0145590682196339,4808,3.617439778619056,7.508904235925467,0.2794328358209035,0.5794795715529459,0.0329999999999017,4.960000000000036,8.634614173228346,10.045902177103123,0.125,50.85500000000002,0.0157480314960629,0.0658173284255217,134,1.0,490.29691826032354,791.5470151855831,12801.8767214959,350.701467043917,629.1271504870916,0.0653266331658291,0.4443428478616478,0.6571177285743343,0.0019447252316962,1679.0,1049.0,4.703426667495372,4.058765293894157,120.0,0.0,0.5404814004376368,2.5851491228070174,11.372707585261644,0.5372807017543859,0.3876731804809523,457.0
62,0.1347161192902982,0.2691684090706939,0.046,8.503,0.109,0.3979584748961872,3.580290361738294,0.0,178.371,0.066,0.1857304643261608,0.0117025292563231,5298,1.998041589148408,8.996643086121638,0.2957117647058854,0.2063062383430008,0.086999999999989,1.342000000000013,4.2907374631268445,7.302538804420788,0.1739999999999781,46.316,0.0501474926253687,0.1667381723156129,342,0.5,598.6706583223406,1034.4897716560022,11069.534862671982,716.8598218741554,1184.813156459994,0.0720766129032258,1.188946309796948,1.0038829710052066,0.0015688924808485,1919.0,1199.0,9.800257863656142,10.037851974113218,122.7708703374778,18.02294976051982,0.5595026642984015,2.0853790035587187,10.908098049822495,0.3540925266903915,0.480382394625178,563.0
63,0.1649084191670398,0.3503091022040351,0.016,9.912,0.141,0.4782064487236901,3.615160286845748,0.0,98.336,0.047,0.3116883116883117,0.0138826690550828,4466,2.1242645098016397,7.559831734796626,0.2232311557788945,0.3137763291868259,0.0330000000001291,1.9780000000000089,7.33737113402062,9.068419701517907,0.1410000000000764,54.335,0.0257731958762886,0.0983423142763389,199,0.9547738693467336,490.3898392882927,877.6218636499643,10382.215563173211,406.9057175522632,730.6241195984543,0.0908021180623651,0.5460585089588854,0.7644865304750673,0.0013444950414097,1679.0,1049.0,4.11511470846968,4.124763517268766,120.0,0.0,0.4548611111111111,4.034637630662021,19.53367709302608,0.7038327526132404,0.2487173353391925,288.0
64,0.2200144541650817,0.7002715982928274,0.046,9.499,0.109,0.3861917078737162,2.600097113488957,0.0,83.759,0.078,0.1704069988588817,0.0125523012552301,5258,3.182843604299733,6.732659092564417,0.3355895953757212,0.3328634035770223,0.0969999999999799,2.93100000000004,7.21102976190476,8.642601411602213,0.3429999999998472,55.85000000000002,0.0,0.0840127602270967,173,1.0,526.6739998051199,909.1595122880392,8199.649087144886,632.0986180299199,1001.1467351088056,0.1252552756977535,0.9695300319144088,0.940556298818136,0.0013127674493776,1919.0,1199.0,8.36282144140696,9.518293513897069,120.63492063492065,8.705593143366404,0.6412698412698413,1.232710805084746,7.210725237248098,0.4491525423728814,0.8120796198951772,945.0
65,0.1471653468482736,0.384390735458593,0.015,8.767,0.11,0.3476463414634146,3.6465268507263735,0.0,172.817,0.031,0.3763066202090592,0.0102945834653151,6314,2.611965001889316,10.489185174152404,0.1526649746192845,0.2829531529118657,0.0229999999999108,2.1609999999999445,7.258301587301587,7.491859082159027,0.0850000000000363,39.92799999999989,0.0634920634920634,0.0880571683228417,197,1.0,563.3988040274596,929.2509265647813,11789.864519446452,411.84598598225045,725.740629290428,0.0581086213444739,0.482305119682572,0.6995826051274158,0.0011069253356116,1679.0,1049.0,5.063771141811231,4.441244682251999,120.1823708206687,4.674530924489835,0.6762917933130699,1.752074581430746,8.017101653047066,0.700152207001522,0.5716206836340133,658.0
66,0.1153562488324304,0.1867606067175344,0.046,8.908,0.094,0.4315297963758639,4.24015572942452,0.0,147.872,0.078,0.0984494675882682,0.0085933121614048,5353,1.6189899429620669,9.825870113801663,0.3433306772908486,0.2407995939311184,0.1140000000000327,1.8969999999999343,5.442902040816327,8.063296240359259,0.2270000000000891,52.89599999999996,0.0081632653061224,0.0883754894981046,251,0.99601593625498,436.7550470246094,796.7712410898956,6816.488758684461,599.0088097545084,916.1403652591182,0.1799591002044989,1.0526046870829724,0.9677983174375088,0.0011335850670006,1919.0,1199.0,6.679539532828833,8.176082759246784,121.05494505494504,11.201807779303016,0.676923076923077,1.2336160616061609,8.67281781210618,0.3938393839383938,0.8115167604964343,910.0
67,0.2113742275536168,0.4694513203388317,0.046,9.984,0.125,0.3202141039621956,2.530672675561856,0.0,122.79,0.063,0.2889858233369684,0.0087241003271537,5502,2.220948721005977,7.903064369271588,0.4514105691056851,0.3508531618627783,0.1179999999999381,2.763000000000005,5.458238683127571,6.799439823258126,0.3410000000000082,40.78100000000006,0.0,0.1194741389484235,246,0.951219512195122,424.59815753624576,710.361273186039,7056.799661244444,521.5867638854878,781.060854192056,0.1222677595628415,1.098552062831205,0.978410299031483,0.001373941167109,1919.0,1199.0,8.887141384419843,7.86908331888434,120.0,0.0,0.6428571428571429,3.665618892508143,14.590703943654308,0.2247557003257329,0.2736938449986448,308.0
68,0.1068700984947035,0.2088808825270703,0.046,7.878,0.078,0.4084660843709348,2.9824091356843456,0.0,115.165,0.093,0.0551942018212228,0.012451217245865,5381,1.9545306448596784,7.301485361452851,0.3521595092024351,0.3518915568869897,0.1149999999999522,2.3719999999999573,7.295383647798741,9.854902172404207,0.2559999999999718,53.399,0.0062893081761006,0.0815775506539385,164,0.5,485.6096214835202,877.8325440630482,7107.13499144425,613.4839640265192,1000.1377690220612,0.115234375,1.039609847682056,0.961888568729802,0.0034650297226422,1919.0,1199.0,7.505256911202517,6.935360509606776,120.0,0.0,0.5659574468085107,7.985521367521367,47.84224600100296,0.3547008547008547,0.125761795386094,235.0
69,0.1505715134706814,0.2177301251712783,0.015,7.207,0.136,0.4183060618066561,4.944690851011151,0.0,228.536,0.062,0.2444532488114104,0.0071315372424722,5048,1.446024683903265,11.820748735160862,0.1800560000000144,0.2516724634599449,0.0259999999999536,1.7210000000000036,6.300508474576271,9.024790939637622,0.0919999999999845,47.939,0.059322033898305,0.0607461670383522,125,0.92,463.8035585382713,835.1220922441327,10754.28262782639,344.4077720359392,632.9238700158561,0.0907091808686091,0.6232585498532318,0.7973003985691223,0.002241655363286,1676.0,1049.0,3.3532670616959144,3.8012461056588656,120.0,0.0,0.5045592705167173,1.6812024353120247,10.18736746003191,0.7047184170471842,0.5957177130958309,658.0
70,0.1627764341957255,0.3365607878307707,0.046,9.562,0.125,0.243002109111361,1.5593477604141557,0.0,55.226,0.063,0.2390326209223847,0.0061867266591676,7112,2.0676260018454733,6.417013276619546,0.3399734848484876,0.306862870459492,0.0940000000000509,4.6879999999998745,5.316576335877863,7.419672408967028,0.3529999999998381,44.788,0.0,0.1322110527442274,265,1.0,517.2211024015023,894.3386229025189,8022.787757075288,661.9354674948032,993.7444886301828,0.1238556812062466,1.1523856160909982,1.022865285796161,0.0010218744301812,1919.0,1199.0,8.95630969660002,11.176671842521984,120.0,0.0,0.4191616766467065,5.57978978978979,41.15185126144509,0.3123123123123123,0.1797564139133617,334.0
71,0.0821988929184959,0.1582700390482175,0.012,8.611,0.078,0.4431326589043711,2.727800390982366,0.0,109.122,0.094,0.0250047719030349,0.0139339568619965,5239,1.9254521980624464,6.155719593601496,0.125733333333336,0.0867768914451774,0.0239999999998872,0.5470000000000255,7.490740112994352,9.19240599073825,0.1809999999999831,53.28999999999999,0.0112994350282485,0.0881996251515931,180,0.9444444444444444,827.2143690983382,1402.527822890491,15280.013089013526,651.3165405284057,1065.1109156318178,0.0753251795767812,0.6638911175199985,0.7783430751652556,0.0006671300003814,1679.0,1049.0,5.602380155388596,5.93241094648595,120.0,0.0,0.8037974683544303,7.567044585987261,23.205178336907764,0.5159235668789809,0.1329937223596116,158.0
72,0.1111857197113558,0.2272198847877276,0.046,7.546,0.093,0.4501545765286745,3.7383690765305455,0.0,187.419,0.1425,0.0138625142423091,0.0072161033042157,5266,2.0436067273531417,8.304634166686993,0.3585240641711209,0.4616076686919801,0.0910000000000081,4.228000000000009,5.912215469613259,7.060380673300512,0.2610000000000809,47.839000000000055,0.011049723756906,0.0924420469931864,187,0.9572192513368984,591.1837978069653,980.368308054647,8002.036332717272,761.9721167132682,1054.3297410158225,0.1411192214111922,1.036522006086283,0.9513432248974444,0.0013315405158663,1919.0,1199.0,9.69310928280182,8.230957219111538,120.0,0.0,0.5877192982456141,3.498536656891495,14.802731073487536,0.3607038123167155,0.2866720145247154,342.0
73,0.1217262802699483,0.3048634689029323,0.015,9.932,0.094,0.5986919412465264,4.345534432454944,0.0,208.526,0.093,0.1099642715363239,0.0162763001190948,5038,2.50449999972764,7.258381369569097,0.3567727272727227,0.6839062163849089,0.0269999999999868,4.391999999999939,5.264238683127571,7.01495123693748,0.1000000000000227,44.25200000000018,0.0452674897119341,0.1123003273011152,248,0.9758064516129032,904.2827817302244,1709.6620637206158,17162.214309285875,817.9681757003156,1470.3913090044248,0.0568267066766691,0.7322323951094315,0.8790311149780531,0.0006334094825951,1679.0,1049.0,6.595584580329224,7.184194192295172,122.26415094339625,16.32702464361052,0.0,20.964576923076923,66.43501573612718,0.7884615384615384,0.0486168060042672,53.0
74,0.142307461406518,0.2469560199906826,0.046,9.19,0.125,0.6326228559176672,3.6126824801022974,0.0,90.079,0.14,0.1059176672384219,0.0188679245283018,4664,1.7353694426831472,5.710641729600219,0.3044852941176464,0.2706910813980416,0.1150000000000091,2.121999999999844,9.026424,9.939770027330816,0.3269999999999982,48.672000000000025,0.0,0.0648985316230025,136,1.0,355.499962597053,691.4809257993933,9228.901609502229,408.1970721066355,730.9214035080116,0.1588132635253054,0.8573277363508574,0.8916911138263373,0.0018617604280551,1919.0,1199.0,5.917216885809673,7.27599015243849,120.0,0.0,0.4934640522875817,3.805249180327869,24.793196594641284,0.4327868852459016,0.2636565021053746,306.0
75,0.2497017857142857,0.7542465661014468,0.046,9.812,0.124,0.4315723214285714,3.452763343153402,0.0,167.767,0.078,0.2141071428571428,0.0121428571428571,5600,3.0205893960424954,8.0004281361794,0.3806475409836063,0.3947165495151802,0.0910000000000081,3.424999999999997,5.5544688796680495,8.454688038348614,0.2089999999999463,52.17900000000009,0.0082987551867219,0.1197071883676011,244,0.5,398.4629109742766,755.1659652305218,8618.451228025308,473.5090960732104,823.6435112187428,0.1338083927157561,1.0328637568791428,0.9494114492860926,0.0053006943681211,1919.0,1199.0,7.781266937376502,9.386782993969424,120.34433285509326,6.418829916432912,0.5753228120516499,1.586462643678161,6.761709066822651,0.5201149425287356,0.6312388038885034,697.0
76,0.1255919818456883,0.1916267676043622,0.015,8.473,0.109,0.3047384266263237,2.6383277202501008,0.0,137.746,0.0335,0.3624810892586989,0.0090771558245083,6610,1.525788229377646,8.657679799224239,0.1672049469964598,0.2338834999858572,0.0240000000000009,2.66599999999994,5.17677857142857,7.1994307955241,0.0830000000000836,51.93199999999979,0.0678571428571428,0.1291639985705242,283,0.96113074204947,504.93666214530697,889.4955637980861,10659.5744681309,417.1097089054349,735.7111422183864,0.064486830154405,0.6265020995649948,0.8101408990034158,0.0011838152687166,1679.0,1049.0,4.813422066063174,5.168734942100913,120.76142131979697,9.528420433072482,0.5456852791878173,1.5031956797966963,11.881230760043316,0.7534942820838628,0.6660946818087682,788.0
77,0.1485749601275917,0.2664917404779225,0.046,7.278,0.125,0.713227538543328,7.0720128011116685,0.0,247.292,0.156,0.0510366826156299,0.0103668261562998,3762,1.7936517717996865,9.9155072104413,0.3355913043478306,0.3685121057689943,0.0860000000000127,4.412000000000035,6.025530973451329,8.872639550560663,0.2490000000000236,58.485000000000014,0.0221238938053097,0.1029385832607541,230,0.5,488.1520787358365,788.6939209525758,9532.245687954004,570.3011463017716,874.9453118919456,0.0997038499506416,1.1450663198433453,0.9574014249961847,0.0011343060660263,1919.0,1199.0,7.527374701348991,7.011105547517911,120.0,0.0,0.5379464285714286,1.3208748603351956,6.877122663555701,0.3173184357541899,0.7579198821163897,896.0
78,0.1778578557907416,0.6834188546640391,0.015,9.516,0.088,0.3075634142144209,1.97171646730262,0.0,67.586,0.078,0.1046291516090173,0.0091206332817071,5811,3.8425002461972455,6.41076401215919,0.1314414414414378,0.2057819271118076,0.0250000000000056,2.54099999999994,6.317228310502283,8.49726261873794,0.0500000000000113,52.38499999999999,0.0273972602739726,0.1151801765577211,222,0.972972972972973,585.0886451566263,873.4360108633607,9384.615384591092,444.8170580977332,644.9812891116879,0.0695233930913861,0.5368746559148564,0.7396897728849965,0.0015953427725693,1679.0,1049.0,5.039813328855665,4.38806848149239,120.0,0.0,0.3953488372093023,10.648029239766082,55.71639790200533,0.783625730994152,0.0944632974391109,172.0
79,0.1069715184343875,0.2193422806115527,0.046,7.998,0.078,0.4308904420758343,3.200486299347045,0.0,108.201,0.083,0.0445570504979905,0.0111829460073388,5723,2.050473657117332,7.427610331592776,0.4077385620915087,0.4195840730953864,0.093999999999994,3.048000000000002,7.327602739726027,9.833114111503818,0.3440000000000225,46.535,0.0,0.0758538014653169,153,0.9607843137254902,336.50558101457483,580.8890048920051,4641.062923558038,394.4089152526006,598.2915756402498,0.1559633027522936,0.9008944067191595,0.931493704048892,0.0022602076470852,1919.0,1199.0,5.656064002530514,6.058897482263353,120.0,0.0,0.5138888888888888,3.1570891364902507,17.3969812814733,0.4178272980501393,0.3176297760268927,360.0
80,0.1900561334289813,0.6083094659424588,0.016,9.984,0.125,0.4304264705882353,2.581573458734726,0.0,104.148,0.094,0.226506456241033,0.0143472022955523,5576,3.2006831611659985,5.9977107244511725,0.2725121951219583,0.4606771503375702,0.0480000000000018,3.464999999999918,11.071813559322036,13.823611302399108,0.0850000000000363,58.00800000000004,0.0338983050847457,0.0594532332650023,123,1.0,565.4422684761184,953.4353223210364,13164.179004883112,459.4458052766651,797.2211023992994,0.0795747422680412,0.5777908015383795,0.7432596312899088,0.0022155809536712,1679.0,1049.0,4.5350714620870765,4.233326061039641,121.16316639741518,11.75699841038292,0.7140549273021002,2.9522135922330093,29.816485420400053,0.8478964401294499,0.3392769837563607,619.0
81,0.210739522789844,0.569593805952637,0.046,9.691,0.125,0.2746428571428571,2.488699923950008,0.0,80.286,0.078,0.2335576628938513,0.0044356072193331,6538,2.702833329088695,9.06158619903774,0.3660266666666701,0.4231190998078655,0.0940000000000509,3.692999999999984,9.267093959731543,10.02549148996361,0.33299999999997,46.65599999999995,0.0,0.075107787135578,151,1.0,327.8017166251971,654.0723113628312,5808.623613924671,382.5527285983611,725.4645815965022,0.1450346420323325,0.8394498641229385,0.8948106475541174,0.0017093474363164,1919.0,1199.0,4.686208476965807,6.191967846133521,120.0,0.0,0.7049180327868853,9.129561983471072,31.66430254823233,0.1735537190082644,0.1104395221408611,122.0
82,0.1147259887005649,0.170913974791713,0.046,7.3,0.094,0.5801167608286252,3.878203805170028,0.0,97.435,0.14,0.0127118644067796,0.0131826741996233,4248,1.4897581335106105,6.685212472796843,0.2719675675675754,0.1737011693841845,0.0929999999999608,1.558999999999969,7.270741573033708,8.355002964016297,0.3079999999999927,48.69599999999991,0.0,0.0933637076595585,185,0.9945945945945946,436.011841409137,771.1573761500424,12051.967383681404,518.7876141365871,850.0243974621515,0.1175346392737697,1.0416808089210163,0.938052128127538,0.0012699249663074,1919.0,1199.0,6.360357744024032,6.79861103632491,120.0,0.0,0.4824120603015075,2.616680100755667,7.905451836962325,0.3123425692695214,0.3831262718733335,398.0
83,0.1199913314069793,0.4864818141566003,0.015,9.594,0.078,0.5054827739497666,3.875562810385937,0.0,103.104,0.093,0.0368970882418315,0.0131140253389642,4499,4.0543079941881865,7.66705219270455,0.1429508771929845,0.14103914241165,0.0240000000000009,0.94399999999996,4.952212230215828,7.014557785760873,0.0750000000000454,58.952,0.0359712230215827,0.1445865281882851,285,0.5,663.6881872209692,1078.9086713091067,13279.734611468028,581.4095219493418,898.2417920491865,0.0698776154757205,0.5849521286226931,0.779838798656801,0.0004888463335603,1679.0,1049.0,5.3218655540759565,4.484852566185904,120.0,0.0,0.6985074626865672,3.01548502994012,12.260881897907936,0.6377245508982036,0.3326144888857116,335.0
84,0.1151470230862697,0.2278954794430267,0.046,9.479,0.093,0.6085431348724181,4.82428168776358,0.0,152.585,0.124,0.0529769137302551,0.0133657351154313,4115,1.97916952896198,7.927592000154595,0.375084577114427,0.4255608974328224,0.1059999999999945,4.354000000000042,6.792665,8.688907585121099,0.2340000000000373,58.843,0.005,0.0998339395856397,202,0.995049504950495,385.57451245824006,705.5077274572466,7141.500947608239,447.9642964717337,762.6470057688279,0.1205866376969038,0.8649083623580415,0.916313865885316,0.0013811819619315,1919.0,1199.0,5.962439223585823,6.474146558619356,120.0,0.0,0.5176738882554162,1.2214954337899544,5.573492508369124,0.4246575342465753,0.8196031886956441,877.0
85,0.1515405806314897,0.5138235392618127,0.015,9.563,0.094,0.487661580843399,3.750323845294354,0.0,130.089,0.094,0.0428056791693155,0.0112311930493748,4719,3.390666296253068,7.690423015912507,0.2796304347826165,0.5285381819683036,0.0320000000000391,4.879999999999996,9.821924812030078,11.112884016639388,0.1090000000000372,50.952,0.0075187969924812,0.0660390089554638,138,0.9565217391304348,477.3534040560145,748.1366755682841,9848.2426174888,363.6797052166305,576.1385273098629,0.0750059908938413,0.5031033918352826,0.7070666758708014,0.0021753597859145,1679.0,1049.0,4.064492087545321,4.047191658826675,120.0,0.0,0.6049019607843137,1.3356270853778214,8.901862880993189,0.6918547595682041,0.7494467319713977,1020.0
86,0.1175498685009103,0.3294579090751472,0.046,9.778,0.093,0.4376694315193202,3.425528428865692,0.0,111.617,0.109,0.0335828444264616,0.0095083957111066,4943,2.802707593608204,7.826748185209909,0.3134933920704832,0.2090608825187191,0.0949999999999704,1.7899999999999636,5.581892376681614,7.871535326224784,0.2920000000001437,54.678,0.0044843049327354,0.113201364374339,228,0.9692982456140352,580.1082372768691,1050.4006878121502,8810.802832113539,771.0578760326104,1215.6716530055558,0.1227747084100675,1.0102717371650245,0.9915430225539656,0.0010914683758367,1919.0,1199.0,10.7229017029805,10.652272659416353,120.22346368715084,5.173558392308481,0.5195530726256983,2.201102611940298,8.091839152393119,0.3805970149253731,0.4551653640348163,537.0
87,0.0985294117647059,0.3018801474611092,0.015,8.572,0.078,0.4881230936819172,3.0314675889692806,0.0,106.762,0.104,0.0337690631808278,0.0108932461873638,5508,3.063858213038123,6.210457215008804,0.122022222222227,0.1674531207661432,0.0229999999996834,1.3479999999999563,5.051101503759398,7.515089551254934,0.0550000000000636,45.30499999999984,0.1052631578947368,0.0883537054071486,270,0.5,844.0298104630027,1442.13558535678,14484.47444674723,700.7671301230835,1175.6869924161122,0.0467744467116622,0.6388059507572528,0.8117723583358679,0.0014033394657432,1679.0,1049.0,6.227801714336603,5.82391900476064,120.0,0.0,0.4357366771159874,3.85398427672956,13.307923686970986,0.660377358490566,0.2602876872500647,319.0
88,0.1288773991382687,0.1481360184795766,0.015,8.361,0.12,0.420963768115942,4.622940160395845,0.0,153.732,0.062,0.2520564042303173,0.008225616921269,5106,1.14943364368058,10.981800597914148,0.2764601226993902,0.6024179321486148,0.0270000000000436,4.291999999999916,7.137518292682928,8.993868309259348,0.2470000000000709,49.80799999999999,0.0060975609756097,0.0837895344899903,170,0.923529411764706,515.7889941083123,1054.9088059590847,13320.201506215111,421.36260128883606,835.5868303526041,0.0891653706583722,0.5487056208872477,0.7769674651954931,0.0015337821802369,1679.0,1049.0,3.811191812912848,4.642976292406428,120.0,0.0,0.5176470588235295,2.7158820754716984,12.554353976761591,0.6721698113207547,0.3690729062276928,425.0
89,0.2715256388842492,0.8375640431417296,0.015,9.937,0.109,0.3601917487890429,3.066348771827804,0.0,131.909,0.078,0.2405211291130783,0.0070151995991314,5987,3.0846591378384765,8.51310109722614,0.1429519230769271,0.1682635798501691,0.0320000000000391,1.5750000000000457,6.496536945812808,9.068673109820027,0.093999999999994,57.64099999999996,0.0492610837438423,0.1018997942897902,208,1.0,432.9656504350255,718.1689963917455,14185.370694788036,337.23979477838674,565.6746992350314,0.0779623881687055,0.530063920019217,0.7387006996878549,0.0016295219972425,1679.0,1049.0,3.70433016822516,3.494389818360196,120.0,0.0,0.5296,1.8605560897435895,8.781087439049825,0.5833333333333334,0.5383350545699478,625.0
90,0.1262866653612688,0.2150755240974375,0.046,8.034,0.109,0.4610616800469942,3.3397716521519296,0.0,92.691,0.078,0.1400039161934599,0.0095946739768944,5107,1.7030739031881952,7.243654800831679,0.3601935483870941,0.4017902441909761,0.1000000000000227,3.29200000000003,6.312289719626168,9.119726629889351,0.2069999999999936,53.40999999999997,0.0327102803738317,0.1067541758431386,219,0.9497716894977168,486.2475822344022,855.2038504815223,9253.777750197794,563.2219765279456,943.0581766010208,0.0795730228044638,0.9868065194745936,0.9395148581361482,0.0011298801508474,1919.0,1199.0,8.704354129530683,10.970840461388326,120.16666666666669,4.46902922593064,0.4138888888888888,1.4564214186369957,8.296484849367593,0.4283727399165508,0.6875694134746416,720.0
91,0.1988992072480181,0.7886952498555168,0.046,9.984,0.109,0.7509555492638732,5.821418259178142,0.0,174.666,0.109,0.04841449603624,0.0184031710079275,3532,3.9653011229554576,7.752014436652884,0.3322804878048901,0.2844796179586718,0.086999999999989,1.7630000000001471,7.469522292993629,9.87591774504162,0.1759999999999308,53.118,0.0318471337579617,0.081190289245356,164,0.945121951219512,472.79819872692616,812.8434617636138,6227.756275324369,546.7803714434036,851.1072917574095,0.1231038506417736,0.9444794041191168,0.9385873717604354,0.0010810918052411,1919.0,1199.0,7.109649538710498,8.329815606790321,120.3896103896104,6.826525506987752,0.5963203463203464,1.1895048754062838,7.081078972720675,0.4723726977248104,0.8415967385393924,924.0
92,0.1229971278932252,0.2315440133177148,0.046,9.438,0.109,0.4971174184828518,3.016676646872648,0.0,110.435,0.156,0.0168947457340767,0.0103057948977867,5919,1.8825156105979968,6.068338253121799,0.3186808510638263,0.1808514032537536,0.1000000000000227,1.1820000000000164,5.840819742489269,8.491459910378618,0.3059999999999263,50.600999999999885,0.0,0.1139138531312553,236,0.8432203389830508,544.6578602457741,982.9272084828152,10676.487997334256,642.3148156375084,1129.04435568529,0.097573567372225,1.0070703207480067,0.9521154979123146,0.0009669645061472,1919.0,1199.0,8.877889045749145,11.00698298021131,120.0,0.0,0.5196374622356495,3.481533333333333,18.347099914513223,0.4333333333333333,0.2881001578893312,331.0
93,0.2610202107445155,0.8025394341106127,0.015,9.672,0.137,0.3324351356020038,2.557957200018678,0.0,90.217,0.015,0.4778027293142166,0.0107099671791328,5789,3.0746256461195336,7.694605431482133,0.2515286343612344,0.483832290472044,0.0149999999999863,3.45900000000006,6.074300448430495,8.219065271739893,0.0929999999999893,53.61899999999992,0.0403587443946188,0.1126176187300881,228,0.9824561403508772,625.5880378219014,1255.4130526706072,16140.98702681494,564.9826927386495,1080.7088431093505,0.0734159037874708,0.6449892393026336,0.7857804133479,0.0010881977550907,1679.0,1049.0,5.031425876221136,5.578961469852572,120.0,0.0,0.5525291828793775,4.6224296875,18.530896465086187,0.578125,0.2171815079664205,257.0
94,0.1535725806451612,0.3726955462441371,0.046,9.104,0.117,0.3923126286890872,2.30294887545894,0.0,83.914,0.109,0.1479066575154426,0.0101235415236787,5828,2.4268365139039547,5.870187975223342,0.3378931297709902,0.2772684716527369,0.1169999999999618,1.7539999999999054,7.247317073170732,11.00236004048405,0.2800000000000864,59.37400000000002,0.008130081300813,0.0658399430983279,132,0.9848484848484848,516.1924202456778,1067.7239645364534,7816.935716138179,712.1458636352722,1255.26245376528,0.165266106442577,1.0250805090632775,0.9531490901910726,0.0019195354012814,1919.0,1199.0,7.941908452039426,8.95848471273909,120.0,0.0,0.5424242424242425,3.4283647416413374,16.722644894882432,0.3677811550151976,0.2925708287379026,330.0
95,0.1011556291390728,0.1588369872414468,0.015,7.505,0.093,0.4660619400077912,3.311692603594412,0.0,168.465,0.094,0.0707051032333463,0.0140241527074405,5134,1.5702239073919584,7.105692010677915,0.1078618181818189,0.0858684988083701,0.0330000000000154,0.6739999999999782,4.894594795539034,6.46282266725417,0.0910000000001218,46.63999999999999,0.0446096654275092,0.1289558980207379,275,1.0,607.5525572954789,1044.3104359365263,11738.9266970621,568.0083519690584,894.2466908111777,0.0749250749250749,0.6505355790679641,0.7920889593948622,0.0010686873989074,1679.0,1049.0,4.726175242101768,4.922822613406029,120.0,0.0,0.7174515235457064,3.2268611111111114,14.13134224939722,0.7,0.3107595100157531,361.0
96,0.1281055179090029,0.1585086313122479,0.046,7.082,0.109,0.5429540174249757,4.49224133462216,0.0,158.967,0.1,0.1055179090029041,0.0147628267182962,4132,1.237328679509662,8.273704937164203,0.3858219178082197,0.3424685703993762,0.1210000000000093,2.393000000000029,6.102097222222223,7.357488202680644,0.2939999999999827,46.27199999999999,0.0046296296296296,0.1064732321918657,219,0.9041095890410958,546.3646887147243,959.0439550631354,7752.291658597512,691.4454923433365,1045.579123138133,0.151415404871626,1.0784369534141294,0.9583418620420228,0.0014740819630459,1919.0,1199.0,6.855480571568233,8.014116940959672,120.0,0.0,0.6280487804878049,3.577455657492355,14.094758581084063,0.2691131498470948,0.280383099053878,328.0
97,0.1366116165150454,0.2200532019457004,0.046,8.658,0.094,0.3187730930720783,2.4494308018325754,0.0,96.862,0.063,0.1555283414975507,0.0082225332400279,5716,1.6107942176459444,7.6839320979915025,0.310609271523188,0.2420051439853365,0.0920000000000982,1.5450000000000728,7.219331034482757,8.896684040197544,0.1829999999999927,45.21699999999999,0.0275862068965517,0.0741682715992987,151,0.5,440.594781354904,865.7710029166673,8302.567934112953,588.0159383462234,1000.9720875014852,0.1563218390804597,1.016339725659143,0.9525813295414184,0.0025799671227008,1919.0,1199.0,9.995085430735816,10.263329142964098,121.80225281602004,14.595280836953805,0.4680851063829787,1.4952531328320802,11.142647535317844,0.4097744360902255,0.669621157011495,799.0
98,0.1064503694185673,0.2067805095816224,0.015,9.547,0.094,0.414900899453903,4.322802473107322,0.0,236.606,0.109,0.043527144233858,0.006745904272406,6226,1.942506265699772,10.418879493385145,0.1230442477876202,0.1940462215432896,0.0149999999999863,1.933999999999969,10.060877358490565,12.850894192295057,0.0939999999998235,52.82100000000014,0.0566037735849056,0.0565325910387338,113,0.9646017699115044,548.0896822215237,1011.4766747500375,8935.897435900353,434.99556535622446,792.531524241404,0.0670327156257149,0.5803110744604862,0.7537234899259208,0.0002361553190029,1679.0,1049.0,4.057497815858146,4.691695729803717,120.0,0.0,0.5773195876288659,2.0128244406196214,10.957329699397384,0.6712564543889845,0.4976694192403101,582.0
99,0.1444818077364994,0.3746176920573839,0.046,9.751,0.109,0.4152353504404442,3.812198132039136,0.0,200.85,0.066,0.191497510532363,0.0145538108004595,5222,2.592836412599417,9.180813069011345,0.3022380952380969,0.3184116128777651,0.1069999999999709,3.837999999999965,6.971025000000003,9.552866438241196,0.2849999999999681,59.12799999999993,0.0125,0.0762349725213764,168,1.0,451.4968314817033,935.3039742351608,8550.38006228936,630.1582933096232,1114.487447775533,0.167574931880109,1.1036318737418738,0.9714482457477924,0.0018252306685874,1919.0,1199.0,9.446804129091731,9.59259780198706,120.0,0.0,0.5703125,9.250755905511811,34.97696335795272,0.2755905511811024,0.1089504496759575,128.0
100,0.1387976522085157,0.1945172891124099,0.016,5.125,0.125,0.4254874651810585,2.6322939822703324,0.0,110.249,0.093,0.2212495025865499,0.0167130919220055,5026,1.4014450966374172,6.186537084353842,0.1977888888888966,0.3335421732825196,0.0259999999998399,4.217000000000041,5.706874524714829,7.664155578620876,0.0929999999998472,51.85400000000004,0.0494296577946768,0.1294428874009881,270,0.5,576.3685042804661,1000.1773860177336,11191.74821092432,429.4027274677431,784.7902387809066,0.0530643710651419,0.5448782227287857,0.7262918218681015,0.0008815840275389,1679.0,1049.0,4.792165139143789,4.9409622603506,120.19292604501608,4.8076922679268606,0.5884244372990354,1.7438486312399355,7.650561668178433,0.7004830917874396,0.5743676876621757,622.0
101,0.1235508595988538,0.3082547357742884,0.046,9.401,0.093,0.6433383476599809,3.7244239549772336,0.0,125.513,0.1225,0.0374880611270296,0.0171919770773638,4188,2.494962291441216,5.7892149108227535,0.3789195402298865,0.2652031846686782,0.1150000000000091,1.69399999999996,7.950245614035089,10.876044691821754,0.3199999999999932,55.863000000000056,0.0,0.0817593872624481,175,1.0,484.3972298127623,900.7645921427916,9970.996234215398,651.2638530548825,1036.097396751412,0.1414285714285714,1.1881374556127997,0.983171195882055,0.0020612953988544,1919.0,1199.0,9.94062561007778,10.647412966537,120.0,0.0,0.5126582278481012,3.612485714285714,14.125751968710976,0.2349206349206349,0.277696490039396,316.0
102,0.1235503250392288,0.4385912169601956,0.015,9.935,0.088,0.5386175745348577,4.16646565665286,0.0,143.211,0.125,0.0638870208473436,0.0100874243443174,4461,3.5498993371400447,7.7354803363981555,0.2139030303030308,0.4100893210057257,0.030999999999949,3.789000000000016,7.823919254658384,8.84483403211118,0.0759999999999934,42.745000000000005,0.0186335403726708,0.081337323627408,165,0.9454545454545454,496.66051845974806,876.1219530859137,8658.816423505134,390.0962342320062,672.2139955865579,0.1051601858645145,0.5272248326129663,0.7108045029575826,0.0021347939408152,1679.0,1049.0,3.696769617815088,4.005730249642015,120.0,0.0,0.4663573085846867,2.5723,11.217277413146574,0.7069767441860465,0.3896612297925393,431.0
103,0.176076225045372,0.5866978795642477,0.015,9.789,0.109,0.449031941923775,3.570673306448869,0.0,176.312,0.078,0.1502722323049002,0.0119782214156079,5510,3.3320675713774808,7.951936094236712,0.1593819742489323,0.2297662649283152,0.0239999999998872,1.9660000000001217,5.812449781659389,7.705600528519511,0.099999999999909,59.40899999999999,0.0349344978165938,0.1091777230587568,233,0.5,770.5023597932935,1365.2221246809972,14720.000000013388,629.9363465457495,1074.0412493537267,0.0600508905852417,0.6203708211358775,0.783954358984518,0.0009458709728718,1679.0,1049.0,5.143478400290975,5.271321280869461,120.0,0.0,0.5966666666666667,4.354675585284282,18.38367948015857,0.6521739130434783,0.2304062523040625,300.0
104,0.0927218378079158,0.0917886846925919,0.046,4.165,0.078,0.8824896208137282,6.609947434775331,0.0,224.577,0.263,0.0041516745087185,0.0127318018267367,3613,0.9899359941801732,7.490113513947524,0.3231958041957909,0.2401138208754319,0.0879999999999654,1.5470000000000257,8.808284671532844,10.152734872964716,0.2650000000001,51.50199999999995,0.0072992700729927,0.0648478139711214,143,1.0,583.3712610158897,1160.588919268451,13400.633680872998,736.2641701506302,1306.019382076486,0.1326053042121684,1.1228930359756897,0.959218157890864,0.0028618778076485,1919.0,1199.0,10.229460776639604,9.716980325909384,120.0,0.0,0.611147116007777,0.7620732814526588,3.730636497464231,0.4974059662775616,1.3130607420367504,1543.0
105,0.1365244242847173,0.3225344564314289,0.015,9.625,0.109,0.4346594556873691,2.7240959237625244,0.0,121.178,0.047,0.3025122121423587,0.0136078157711095,5732,2.362467068594213,6.267195819896861,0.1992275862068976,0.4742573249550113,0.0259999999998399,4.270999999999958,9.300692857142856,11.849878676833086,0.0660000000000025,52.34899999999999,0.0214285714285714,0.069895855175788,145,0.9586206896551724,635.0479402489618,1246.1476371801168,16929.575730378456,573.6413843928075,1083.434236087409,0.0774705721324938,0.6082268029373807,0.7843035849281793,0.0026308173614433,1679.0,1044.0,5.334254539779792,6.270212897077734,123.10077519379846,19.03886069210388,0.4909560723514212,2.974238341968912,16.609121986918925,0.7642487046632125,0.3370915704460409,387.0
106,0.1716168717047451,0.6087605239199126,0.046,9.734,0.094,0.5660586555360282,3.676457242828671,0.0,114.818,0.14,0.0755711775043936,0.0131810193321616,4552,3.547206739482133,6.494834425501817,0.2851627906976709,0.2010691496887392,0.1090000000000088,1.5910000000000082,9.826209677419351,10.407687734953122,0.3120000000000118,51.49800000000005,0.0,0.0619218461218489,131,1.0,466.67708657259294,923.0299069036972,9530.14963644392,523.3343562146497,967.0951125427632,0.1509817197020988,0.9316561184899242,0.9181115763936156,0.0016577520104284,1919.0,1199.0,6.507923983717154,6.712597762708428,120.0,0.0,0.4277108433734939,6.354672727272727,31.56889044251762,0.4181818181818181,0.1583182406456332,166.0
107,0.1383266253869969,0.4250730524083147,0.016,9.875,0.109,0.5050566121185316,3.666453178825685,0.0,85.687,0.08,0.1435205661211853,0.0106147722246793,4522,3.0729662580800063,7.259489512366202,0.193481481481492,0.342859432417726,0.0329999999999017,2.7999999999999545,9.074007633587788,10.984116916487016,0.0919999999999845,53.75999999999999,0.0534351145038167,0.0667317837059768,135,1.0,469.2957949620605,1032.9831225474406,22553.65158896224,324.2780381218463,859.0918445834042,0.0761409850881156,0.4608111798009461,0.6656878397690027,0.0019368625083127,1679.0,1049.0,3.52077465682,4.239140007416168,120.75,9.45714015968887,0.7140625,1.8334053208137715,10.412309465575827,0.7214397496087637,0.5462867015038249,640.0
108,0.1773608135382704,0.3522888507881686,0.046,8.674,0.14,0.3495868653935724,2.217454963012541,0.0,68.689,0.077,0.2883092687470889,0.0110231330538736,6441,1.9862834622832437,6.343072874079758,0.4939178571428568,0.5281413876940647,0.1239999999999952,4.383000000000038,4.735227891156463,6.571353692568029,0.1789999999998599,56.363,0.010204081632653,0.151706493037902,296,0.5,438.8530923832996,702.351323374586,6749.592538595845,506.82643970775,748.8755553576002,0.0930362116991643,1.1582782185221698,0.9886049056687232,0.0010468095791118,1919.0,1199.0,6.273272561652095,7.622105798368413,120.31496062992126,6.139712973108009,0.5669291338582677,3.0544,12.007897190818346,0.1921052631578947,0.3282581125416999,381.0
109,0.1357370403587444,0.4049041992461022,0.015,8.486,0.094,0.4522868161434977,2.692269903300489,0.0,102.851,0.094,0.095067264573991,0.0134529147982062,5575,2.9830044781878704,5.952572144942446,0.1507826086956417,0.2374610999659986,0.0239999999998872,3.1920000000000077,6.672487684729065,8.759013324980623,0.058999999999969,53.57100000000014,0.0591133004926108,0.0653591882073079,207,0.9468599033816424,681.5756634590347,1383.8079050029955,19089.709627947646,590.3609999656218,1121.297238487651,0.0705617977528089,0.6666062079516045,0.8131912257900359,0.0012198801153231,1679.0,1049.0,4.977832512759482,5.415005480248586,120.0,0.0,0.6928571428571428,3.9609498207885303,18.329151639936203,0.6738351254480287,0.2533695893150424,280.0
110,0.178474985285462,0.6868873669807191,0.046,9.797,0.078,0.4963203845399254,3.455115580329044,0.0,145.229,0.094,0.0778889542868354,0.0121640180498332,5097,3.848647842060758,6.961462168296464,0.3155882352941212,0.2095717978908843,0.1000000000000227,1.4790000000000418,6.422739130434783,9.036095284263824,0.2980000000000018,50.700000000000045,0.0054347826086956,0.0931337167338005,188,0.8829787234042553,532.738125886635,820.93899741772,7315.508021394359,594.3270940464728,859.5899781154768,0.091533180778032,1.153643825269982,1.0085150241201744,0.0029095770447418,1919.0,1199.0,7.800354017531181,8.71583604457439,120.0,0.0,0.5297297297297298,1.8409837545126355,8.05441707917436,0.3682310469314079,0.5441683294032288,555.0
111,0.1361820569812083,0.325896419660211,0.015,8.299,0.11,0.5513463325924429,3.1875112335904867,0.0,82.384,0.109,0.0848656294200848,0.0155586987270155,4949,2.39309367830434,5.781323000014776,0.1744345549738248,0.3062158576496503,0.032999999999987,3.008000000000038,6.599758064516128,9.15112775179318,0.0819999999999936,45.1,0.021505376344086,0.0950160358215429,191,0.5,451.7454445351555,796.6937150845864,12216.679439000289,319.2572104009413,589.7926264120428,0.08559670781893,0.5489343223123231,0.7180024104628172,0.0017367260105748,1674.0,1049.0,3.530189838859958,3.918739755750945,120.0,0.0,0.6271929824561403,5.002290748898679,19.025600529554342,0.6607929515418502,0.2007890658024517,228.0
112,0.2378341935483871,0.8323264845541964,0.046,9.984,0.109,0.4989795698924731,3.293980800897744,0.0,97.928,0.11,0.0483870967741935,0.012258064516129,4650,3.4996081603584077,6.601434206229275,0.3039511111111107,0.1754628730874388,0.1149999999999522,1.191000000000031,5.290145454545454,7.431114268993779,0.3220000000001164,50.298,0.0,0.1109876818471507,225,0.9777777777777776,398.6686014853674,714.7150605801363,9071.79658313268,435.3585048245794,699.9751339569833,0.1284703320631464,0.8979579926058516,0.9279038329175038,0.0013555973758239,1919.0,1199.0,6.083689554617289,6.347193991541568,120.0,0.0,0.5737704918032787,2.5375671232876718,18.03190312945785,0.3780821917808219,0.3951579120115049,366.0
113,0.2091591506129597,0.8184350117565287,0.015,9.463,0.089,0.4806398861646235,3.540366259482729,0.0,118.894,0.063,0.1624343257443082,0.0122591943957968,4568,3.9129773158766006,7.365943529435095,0.2033504672897211,0.4320766671917848,0.0249999999998635,3.400000000000091,6.329057142857142,7.746094925006457,0.0499999999999545,47.54599999999982,0.0380952380952381,0.1067877593283349,214,0.9953271028037384,502.8456761249854,956.1520595138912,15453.693980775332,434.4667942906244,858.4124776960685,0.0576382380506091,0.6098405146580895,0.7724671544653541,0.0019671944866798,1679.0,1049.0,4.032258229026198,4.897671321723974,120.0,0.0,0.447867298578199,2.686667458432304,13.987139175577315,0.7244655581947743,0.3730924323239503,422.0
114,0.1213003095975232,0.2723740703460023,0.046,9.595,0.094,0.4620177502579979,2.4508243541636143,0.0,80.327,0.125,0.0245614035087719,0.0136222910216718,4845,2.245452392081642,5.30461081375128,0.3145491329479817,0.2632001461817917,0.1139999999999759,2.3310000000000173,7.946829411764707,9.74901343969586,0.3489999999999327,52.92500000000007,0.0,0.0876487762417413,174,1.0,497.48311537047664,843.8257710322359,7885.774285964688,556.3028425496107,853.7481098968311,0.1302752293577981,0.9581664001117928,0.8980761939884856,0.0014572123403454,1919.0,1199.0,9.03657514124346,8.18302803725308,120.0,0.0,0.5221238938053098,14.768866071428572,77.81165457767874,0.375,0.0683145589207025,113.0
115,0.1261858294442087,0.2001133548984193,0.046,9.642,0.109,0.4816338565973695,3.381534436579756,0.0,111.538,0.078,0.0818837505303351,0.0116673737802291,4714,1.58586234111887,7.020964972166835,0.3518802083333381,0.3874598786002916,0.1240000000000236,4.339999999999918,6.862780104712042,9.057112319866782,0.2339999999999236,54.726,0.0052356020942408,0.098089814051894,195,0.9333333333333332,561.9306631511158,1048.0129147785228,8619.551756348972,673.5860126394373,1131.1906532638498,0.0986159169550173,1.1032401668564615,0.9914037419918368,0.0038631481018541,1919.0,1199.0,8.882095138263548,9.331674227056316,120.0,0.0,0.6456241032998565,1.6197701149425283,10.469057098581503,0.4166666666666667,0.6182585864320183,697.0
116,0.1817238467874794,0.4031497529600496,0.016,8.065,0.14,0.3845941103789126,3.4830002690127166,0.0,86.631,0.031,0.4021828665568369,0.0109143327841845,4856,2.218474680604363,9.056301630779444,0.2374901960784251,0.2987359889272712,0.0240000000000009,1.7480000000000473,6.8645025125628125,8.017155551342125,0.1499999999999772,41.72200000000001,0.0351758793969849,0.0998249637767502,204,0.9901960784313726,636.4493611944657,1135.0118671911412,13442.262899877702,541.8983034749871,893.5848240359356,0.111474435196195,0.6925611594810916,0.8373462905265906,0.0018278363624006,1679.0,1049.0,5.455045550708268,5.294588860773901,120.0,0.0,0.7373540856031129,2.315473684210527,13.00670610866048,0.5692007797270955,0.4327189397880855,514.0
117,0.0925867437722419,0.1009879211380227,0.046,4.758,0.078,0.8001078736654804,4.498467401521795,0.0,144.903,0.219,0.0020017793594306,0.0169039145907473,4496,1.0907384472495023,5.622326125742606,0.3822758620689991,0.4379026932181373,0.099999999999909,3.604000000000042,9.175603773584909,10.35808378749009,0.3589999999999236,47.18100000000004,0.0,0.0313260502921154,118,0.9491525423728814,343.1331027227977,767.8607628778942,7784.746946363202,401.6201774443434,834.0478261812403,0.1597809855649576,0.837246890986549,0.8668701510156213,0.0028572792670595,1919.0,1199.0,5.089601452428265,8.45317431858679,120.30226700251887,6.015037403163445,0.7052896725440806,3.208888888888889,29.657687370127487,0.5606060606060606,0.3124213044573155,397.0
