user,click_dur_mean,click_dur_std,click_dur_min,click_dur_max,inter_click_mean,inter_click_std,inter_click_min,inter_click_max,double_click_rate,click_rate_per_sec,total_clicks,left_click_ratio,move_speed_mean,move_speed_std,move_speed_max,move_accel_mean,move_accel_std,pause_rate,direction_change_mean,direction_change_std,path_efficiency,move_range_x,move_range_y,rel_move_mean,rel_move_std,scroll_mag_mean,scroll_mag_std,scroll_down_ratio,inter_scroll_mean,inter_scroll_std,scroll_burst_rate,scroll_rate_per_sec,total_scroll_events
1,0.3708024691358098,0.3646042305461806,0.1069999999999709,3.978,8.580790123456792,11.868880541735033,0.3490000000000464,55.37100000000001,0.0,0.07932089704195931,164,0.9817073170731707,350.99444502059697,749.3856362608819,8587.398660151335,429.3212288464003,849.1413517973514,0.15995115995115994,1.0813599029420025,0.9919453993371532,0.0015527941233434443,1919.0,1199.0,4.531452169221525,6.172459334316156,120.0,0.0,0.4543761638733706,2.2738003731343284,13.520974455110336,0.3414179104477612,0.4406128539159159,537.0
2,0.43979768786126777,0.3451683171472822,0.08700000000021646,2.1720000000000255,7.917749999999999,9.256257499755797,0.3389999999999418,49.144000000000005,0.0,0.0623673342254626,173,0.5,455.18169077611685,835.855080911568,8420.533531085252,586.604385087272,925.402533300426,0.14585319351763584,1.0381619609622768,0.9953685336745635,0.001639809319495203,1919.0,1199.0,8.61846773204436,7.516148624274691,120.0,0.0,0.5372829417773238,1.1481022494887525,5.113240586184416,0.2689161554192229,0.8718931570191406,979.0
3,0.364883064516132,0.2999231864623186,0.08799999999973807,2.354000000000269,7.197802469135803,9.144491010753699,0.26299999999991996,56.437000000000126,0.01646090534979424,0.06924811013842391,249,0.9236947791164659,573.0263717466091,1128.6998843153692,12713.665337930359,750.3998320646928,1279.4615796724268,0.13920099875156056,1.0695952877849462,0.9691257606308499,0.0009706529886407532,1919.0,1199.0,11.693566831012859,11.68703375647688,120.0,0.0,0.6298076923076923,1.7451600481347775,11.372590690043559,0.44404332129963897,0.5737028936139696,832.0
4,0.3465886075949365,0.49534997383574975,0.09399999999982356,4.164999999999964,7.554040268456372,11.79232148583237,0.29000000000041837,55.27099999999996,0.020134228187919462,0.05645431863031818,158,0.5,326.30523776053116,764.7299605407106,9936.371550606167,412.61900152980235,869.7690416167568,0.14926419060967064,0.9169533107595317,0.9152109032277174,0.0011436259966405746,1919.0,1199.0,6.086282561935992,8.563890342453153,120.0,0.0,0.7898789878987899,1.3028491189427314,7.2602867684902845,0.5198237885462555,0.7683939045822142,909.0
5,0.3840469314079377,0.3509129732069688,0.08600000000001273,3.628,5.504634057971015,7.618583466522909,0.20600000000001728,49.71500000000003,0.010869565217391304,0.13063001257431342,278,0.9964028776978417,437.6149370585861,782.8500237533834,8208.644522574614,563.5183028881886,890.3420684324377,0.11549295774647887,0.9818224341522899,0.9506377764690983,0.0012126462335326463,1919.0,1199.0,8.39348847227163,8.040496035137913,120.0,0.0,0.43956043956043955,3.8386363636363634,23.524597329734913,0.32231404958677684,0.26122683316289,364.0
6,0.4029235294117723,0.3312220865564943,0.125,2.4850000000001273,7.266698795180723,8.714463101662629,0.3429999999998472,42.48299999999995,0.0,0.058074553462720724,171,0.5,420.40709749079474,752.3560870246677,10228.76501682136,540.3387948689954,831.8400741776534,0.12299465240641712,1.154136433157925,0.957410516745021,0.0005519895684475764,1796.0,1199.0,6.235816151516385,7.5858320655715055,120.0,0.0,0.5975820379965457,1.976339100346021,8.76376704106532,0.3615916955017301,0.5068614508668293,579.0
7,0.39633198380566165,0.5330153273400926,0.09000000000003183,4.468,7.020379591836735,9.953170491017273,0.17399999999997817,53.80300000000011,0.004081632653061225,0.10172261273089386,247,0.5,514.8866083325206,870.0872995537857,7983.749438825703,663.1581771679611,964.2314893902277,0.12205567451820129,1.0710980229882683,1.010478052687782,0.001023832612855273,1919.0,1199.0,7.872385277662595,7.486201075368187,120.0,0.0,0.5414462081128748,2.6736113074204946,13.59416590325062,0.3657243816254417,0.37468676979033405,567.0
8,0.42893478260869616,0.48863894388988394,0.13200000000006185,3.6499999999999773,8.636050632911394,10.308749246283604,0.3709999999999809,56.60399999999993,0.0,0.07893870853312639,160,0.99375,526.294315237231,1001.9253083035923,8776.128712346937,673.5100562105374,1088.92697489383,0.15026954177897575,1.1352224784953397,1.009929885408367,0.0011270495006136727,1919.0,1199.0,6.14947639839749,7.686060272801321,120.0,0.0,0.497907949790795,4.899789915966387,24.332288075162012,0.18487394957983194,0.20494790550100758,239.0
9,0.33508333333333495,0.24932542786784978,0.125,2.2060000000000173,8.438006410256412,11.473136012786902,0.17400000000009186,52.837999999999965,0.00641025641025641,0.06467273611698544,163,0.9754601226993865,392.6517095087995,794.2365636171064,8826.278019273463,498.11263560021007,920.0378544212064,0.13761467889908258,1.0163404604944353,1.0198345415563232,0.0015121566736893172,1719.0,1182.0,4.189321705055299,4.811371646277314,120.0,0.0,0.5474613686534217,2.943278761061947,10.055204096721113,0.16371681415929204,0.34050882391409254,453.0
10,0.4080781758957697,0.37058817640932284,0.09699999999997999,3.2660000000000764,6.8147441860465126,10.29186986960895,0.2179999999998472,59.74800000000005,0.009966777408637873,0.08940628421677192,308,0.9902597402597403,446.52406560431575,903.1529731128352,10957.638811688303,514.2085026313117,937.7211890127953,0.13026444662095985,1.0679080216070707,0.9739560880281122,0.0009725522352265486,1919.0,1199.0,6.494157540046487,8.95756980750445,120.5303867403315,7.960219767409663,0.6143646408839779,1.7296891592920354,11.528167137803786,0.3573008849557522,0.5787780939206556,905.0
11,0.4691111111111186,0.38698132152582543,0.1400000000000432,1.90300000000002,7.403785340314136,9.222971907542833,0.33199999999999363,49.33200000000011,0.0,0.07653544827597035,195,0.5,459.5580440437006,882.159453150798,8108.69781528331,556.7349564154471,913.3843205671427,0.17287234042553193,1.0520478585496085,0.988886925164574,0.002115865808555405,1919.0,1199.0,5.255167216048761,8.373932912024507,120.0,0.0,0.5115089514066496,3.0042615384615385,18.557385976210632,0.23333333333333334,0.33371398918800815,391.0
12,0.382076923076916,0.28171727822778353,0.15499999999997272,1.1909999999999172,8.148662790697673,11.06184643436405,0.2319999999999709,59.19200000000001,0.005813953488372093,0.06686496978232241,177,0.5,409.49510601258294,743.0162264468299,6579.609219400171,523.3652735800518,816.3343173331716,0.14947089947089948,1.247477002623527,1.0435546073665745,0.0014872078495447353,1912.0,1199.0,4.562755700698441,5.774642417407592,120.0,0.0,0.5380116959064327,3.7468064516129034,15.007364591430909,0.18181818181818182,0.26767663723006335,342.0
13,0.39893814432989183,0.6036537174629649,0.15699999999992542,4.284999999999968,5.6806244343891406,9.132716093202552,0.18000000000006366,59.101999999999975,0.013574660633484163,0.10326690282176812,228,0.5,634.2868309248753,1032.8358489737718,7120.026463183442,780.8433750256056,1104.5923987219992,0.10453762205628948,1.3167650391528503,1.0522806738441088,0.0008344299138751634,1919.0,1199.0,7.367314113448014,10.019696828988115,120.0,0.0,0.5933806146572104,3.1694834123222746,17.112041571853247,0.20853080568720378,0.31625648026724046,423.0
14,0.36051562500000056,0.48684425958327615,0.15399999999999636,3.7049999999999272,5.42062676056338,9.098571935701942,0.34000000000003183,52.44200000000001,0.0,0.12329247415032006,288,0.9375,575.1928169074645,999.6871613140612,8320.917126356475,682.4144627918096,1040.9076164172047,0.11044176706827309,1.34346729314167,1.0382296059367764,0.0006294467099531851,1739.0,1183.0,4.705836091145025,6.627560388510177,120.24439918533605,5.410006587660772,0.5366598778004074,1.4335688073394495,7.239500410546102,0.290519877675841,0.6982708907078063,982.0
15,0.23299999999999293,0.08809694335544188,0.125,0.5149999999999864,32.44060869565218,21.809910247884872,0.8419999999999845,59.624000000000024,0.0,0.025063999626632832,29,1.0,159.41344284400705,267.97946199313805,1904.223825097348,207.563195927462,284.01477007218,0.23142857142857143,0.8211079771379057,0.9409247840328779,0.05548541016521652,1049.0,371.0,3.170864670171777,2.6873724192619273,,,,,,,,
16,0.31345064377682436,0.26543784932788594,0.08799999999973807,1.974999999999909,9.593531818181818,14.811064515602892,0.18499999999994543,59.79499999999996,0.00909090909090909,0.06566632151921993,233,0.9399141630901288,467.0070108842418,790.8216437233011,8461.555496072782,535.814818754034,863.239923168856,0.1017357762777242,0.9702778407783031,0.9759950073969007,0.0010944974221780777,1919.0,1199.0,6.842798164268859,6.973804170492597,122.13438735177866,15.860985872448346,0.6442687747035574,2.083019801980198,12.534892958331778,0.6316831683168317,0.48102288661263876,506.0
17,,,,,,,,,,3.367003367003367,1,1.0,268.14999443958374,343.2819896701672,1388.366736774369,290.0542672788385,345.6363103717453,0.125,0.7449817658633285,0.8105909140346101,0.810714580540587,661.0,217.0,3.759456363939254,2.068393713372527,,,,,,,,
18,0.28961306532661685,0.3800339260578408,0.09399999999982356,3.5140000000001237,10.951823863636362,14.74893700128385,0.32600000000002183,59.483000000000175,0.0,0.05215651462387422,199,0.9849246231155779,515.0463479532322,960.4512797514107,10295.49089346387,659.7705875997489,1087.8210458040783,0.14723032069970846,0.9526268059316487,0.9513326229033464,0.0013271304788198821,1919.0,1199.0,8.673793056171412,8.976218690185235,120.0,0.0,0.43984220907297833,2.056446640316205,9.544414099362891,0.4189723320158103,0.48723670478068587,507.0
19,0.32259259259259276,0.3789402507636671,0.10200000000000387,4.5190000000000055,6.973748815165877,9.432395069510857,0.3120000000001255,58.07899999999999,0.0,0.1022460838108335,218,1.0,404.6486863703954,668.543657893475,6162.362856272639,449.2167500792125,685.2829268387941,0.12270220588235294,0.8436521635549425,0.8657563975763974,0.0014129653927268612,1916.0,1199.0,5.562977729055697,6.023800136394659,120.0,0.0,0.8137254901960784,2.4543713163064833,21.83914893969675,0.5068762278978389,0.40823677733085184,510.0
20,0.3361407035175825,0.44067875958258984,0.14799999999991087,3.477000000000089,8.397933333333333,9.397895014756026,0.35399999999981446,51.70999999999992,0.0,0.09295560038807796,199,1.0,296.29092259867105,513.3834384977372,5627.658329320156,313.79225003961966,526.4325677402726,0.13527620704654197,0.8221797918440196,0.8897105094861695,0.004803073438820424,1679.0,1049.0,3.6907303106102654,3.9877841990033662,120.0,0.0,0.5371621621621622,4.101583050847458,21.909384347051642,0.4101694915254237,0.24463477103094544,296.0
21,0.3337419354838634,0.3247654750040565,0.09400000000005093,4.038999999999987,4.180545994065282,6.807513165621496,0.20299999999997453,56.75299999999993,0.005934718100890208,0.12819332003781891,341,0.9970674486803519,411.72084696948707,714.9778457014161,8095.493715771359,484.0081502951747,789.1884324027204,0.10006626905235255,1.218228029671552,1.03741796534796,0.0009322092771623043,1919.0,1199.0,8.52762440667866,9.622381098517584,122.1867881548975,16.0509356784363,0.5466970387243736,1.3606887115165338,6.468630107930495,0.3352337514253136,0.7357599444911859,878.0
22,0.35587209302326156,0.28903779680326697,0.09800000000001319,2.6399999999999864,5.103267716535433,7.2392347041352485,0.2999999999999545,58.178999999999974,0.003937007874015748,0.1362684932982838,258,0.9844961240310077,509.24117446319536,793.4293204072997,6571.820358924548,622.5350067634805,852.8896648929338,0.08884565499351492,1.1853288904912642,1.0229887638263695,0.0023358061004047147,1897.0,1199.0,9.18623728572277,8.38489706795396,121.0989010989011,11.430684504567775,0.5347985347985348,2.077748623853211,10.383926446086155,0.3467889908256881,0.48217327682662864,546.0
23,0.3497947019867581,0.4710251510822554,0.08400000000006003,4.580999999999904,8.585293333333334,12.042782840936534,0.17599999999993088,56.519000000000005,0.03666666666666667,0.10020723779737899,304,0.9572368421052632,520.3626387613701,994.2543688617072,9997.397121599168,657.3083862848304,1126.7378905801265,0.1111111111111111,1.1517236918635037,1.0117380618686074,0.0026584705382753098,1919.0,1199.0,8.9160454052994,9.63501485132425,120.0,0.0,0.6571428571428571,3.9145071770334927,20.91258965521174,0.33014354066985646,0.25668229576645335,210.0
24,0.25157246376813075,0.18406122515099024,0.09400000000005093,1.3759999999999764,9.500139534883717,12.887919539555236,0.1999999999998181,57.9380000000001,0.046511627906976744,0.04398550773140919,138,0.9855072463768116,419.2043253223169,693.5430175504702,6155.264927264387,480.65792832359324,761.7426572157914,0.10728862973760933,0.9216498106422136,0.9089447854216203,0.0018265633248827102,1919.0,1199.0,7.256040705646255,7.01319861853963,120.0,0.0,0.6011315417256011,1.7036373937677054,8.502694587489318,0.34419263456090654,0.5878107831269206,707.0
25,0.32065749235474944,0.23385691565664965,0.11000000000012733,2.0650000000000546,4.1500812499999995,6.223311193580833,0.23299999999994725,39.1400000000001,0.009375,0.12157747329292401,327,0.9388379204892966,519.7353105483762,868.8737151550824,7777.937254092788,613.3567001185199,964.5040964957944,0.08262108262108261,1.1783380424075303,1.0182400376471419,0.001079054114307072,1919.0,1199.0,9.771196899489894,12.66496198856543,120.2158273381295,5.084554959448813,0.47302158273381295,1.712255855855856,7.7811125936975785,0.3621621621621622,0.5850771649433548,556.0
26,0.1424427480916065,0.21163814575233983,0.02599999999983993,2.48700000000008,6.156791338582679,8.3763330113065,0.05499999999983629,52.197000000000116,0.023622047244094488,0.08680403128523308,262,0.9541984732824428,610.1837313403223,1053.1995153233063,13821.70449738293,423.2918253384383,730.9716264457307,0.06253114100647733,0.5101896412804728,0.7342498839347642,0.0008148753661053708,1679.0,1049.0,5.284836087234597,5.609740396563773,120.0,0.0,0.5186335403726708,1.8669828926905132,8.433753272751597,0.7309486780715396,0.5364565545161478,644.0
27,0.2969082125603903,0.2691484447194024,0.08999999999991815,2.747000000000071,7.893836633663366,9.540142547144999,0.31199999999989814,44.735999999999876,0.0,0.07408123168099977,207,0.9178743961352657,462.5310108542389,875.3264538666591,14090.742781694562,543.5930304731346,985.2971736772905,0.11175198269646719,0.964149339940814,0.9117423702827805,0.001164874892646776,1919.0,1199.0,6.225302186141295,9.17698993258443,120.0,0.0,0.6128,1.7969791666666668,7.8568248692973635,0.3125,0.557381288933083,625.0
28,0.16645410628019044,0.26129971790983114,0.02400000000000091,2.3489999999999895,6.993794117647059,9.415796835937554,0.18700000000001182,52.167,0.014705882352941176,0.10171700266036644,207,1.0,689.5858327295228,1129.9552027797683,11767.188577806233,615.3383734488273,928.225233679361,0.08749639041293676,0.5967767811536736,0.7887362792325976,0.0016010679713190476,1679.0,1049.0,7.74542923352845,6.704326298400436,120.0,0.0,0.6439393939393939,8.764358778625953,34.811600960324945,0.648854961832061,0.1149694590599853,132.0
29,0.1667758620689588,0.2874102284494449,0.04200000000003001,2.1529999999999916,10.236261261261262,10.07261800846013,0.3300000000000409,54.827999999999975,0.0,0.05682694969100346,116,1.0,744.3106887205658,1394.6037916305497,10445.313408730755,735.2430416076161,1214.9792850805648,0.11315979754157629,0.6288462504662272,0.7803892976340918,0.0020242903954804806,1679.0,1049.0,6.445496342868563,6.5885199098718505,120.0,0.0,0.5244755244755245,7.054753521126761,42.58255618045707,0.5774647887323944,0.14274662474108457,143.0
30,0.26719205298013193,0.5230986853728762,0.03099999999994907,3.527999999999963,8.742624161073824,10.71284948243192,0.09999999999990905,54.19400000000002,0.020134228187919462,0.07711809672537281,152,1.0,319.9061448565894,536.6083630268581,6371.478133868149,222.74883745042334,397.4082701828811,0.06919085143186623,0.41937441433488404,0.6194362771484041,0.0022268012833297516,1671.0,1039.0,3.9056186866647824,4.165252996917877,120.0,0.0,0.6240875912408759,3.9736227106227107,13.593939269308684,0.48717948717948717,0.2525813537807465,274.0
31,0.4194505119453916,0.6201608855784531,0.10300000000000864,4.495000000000118,5.23440418118467,7.696112167301738,0.3009999999999309,47.822,0.0,0.13795070499334947,296,1.0,355.3723884614705,646.1376647224585,6569.667120375647,421.3796126885386,706.9706252373811,0.10582386363636363,0.9652011204201459,0.9384487283426415,0.001653586686680986,1919.0,1199.0,5.3189615343708105,6.004354767075697,120.0,0.0,0.4716981132075472,6.580075949367089,23.611366502078987,0.2911392405063291,0.15293579005282537,159.0
32,0.20405208333332794,0.44800105491393305,0.02400000000000091,4.596000000000004,6.773888888888888,9.279592010241792,0.08299999999996999,48.192999999999984,0.021164021164021163,0.09661927649683534,193,0.9430051813471503,597.1703812726568,1001.7352574665567,7594.642032125996,455.8681744516422,730.8893212220258,0.07442790491001999,0.5392068819170248,0.7344912430046386,0.002345254736129567,1646.0,1049.0,5.469202638123635,5.164537884157242,120.0,0.0,0.6313559322033898,5.217902127659575,23.12506939718157,0.548936170212766,0.19246342583266934,236.0
33,0.19184337349397712,0.2760280593062224,0.03399999999987813,2.463999999999942,7.042719008264461,9.582247693688169,0.07800000000020191,55.988000000000056,0.024793388429752067,0.09750687834665926,249,0.927710843373494,599.7836744585356,1161.0525615878898,17531.91489360752,479.1603898813229,922.1350537499172,0.05682670667666917,0.5850175686580609,0.7833154282375994,0.0012180218999748589,1679.0,1049.0,6.063165237429212,6.684407603407091,120.0,0.0,0.5887096774193549,8.171821138211381,37.12280004114504,0.6910569105691057,0.12336663569235544,124.0
34,0.3972169811320835,0.39179165152184536,0.1089999999999236,2.8729999999999905,6.744733009708737,10.200704897191658,0.2819999999999254,54.56899999999996,0.009708737864077669,0.09648872083264304,212,0.9481132075471698,432.7822651027349,824.1632826788135,7325.629288149737,517.575722638298,840.7537023414048,0.15036112934996718,1.061453682360127,0.9605751356850533,0.0011587303007183326,1919.0,1199.0,7.168208458954084,8.722876375707843,120.0,0.0,0.5941422594142259,4.7402226890756305,14.045781473093811,0.13445378151260504,0.21184694191405043,239.0
35,0.37466071428571274,0.446895832253126,0.09299999999996089,3.574000000000069,9.239710280373831,11.010792619622087,0.3269999999999982,55.879,0.0,0.04761914707424201,114,1.0,437.19908022715964,771.0948631808426,8772.836180073582,535.7056699614149,870.961932185031,0.1448948948948949,1.005490800414296,0.9492906791259774,0.002007569951118598,1919.0,1199.0,6.69069139497084,6.545345703833719,120.0,0.0,0.47715736040609136,5.451602040816326,28.258227753707484,0.37755102040816324,0.18436819732825216,197.0
36,0.13751190476191227,0.15066254424783845,0.032000000000152795,1.4039999999999964,9.970538461538462,11.801763666555658,0.1009999999998854,56.861999999999995,0.03643724696356275,0.07580335766761491,252,0.9880952380952381,552.6787148322818,1029.9182778210206,13595.89451519936,451.35455781793,821.3211469443233,0.07306259975172903,0.6205586290776024,0.7725172851968488,0.0012178465435316828,1679.0,1049.0,5.2731424006904035,5.852849618319708,122.1556886227545,15.938495578073413,0.5299401197604791,3.568534534534534,17.609561749730624,0.6486486486486487,0.281068599251718,334.0
37,0.3553450479233236,0.2510854565701433,0.08699999999998909,1.8209999999999127,4.735717041800643,6.850822540119162,0.24200000000018917,49.220000000000006,0.01929260450160772,0.15612771346723736,313,1.0,450.6477961530748,740.4459914416277,8400.609501696887,505.87184114443187,791.6107772788797,0.08140133951571354,0.9668552782780917,0.958036194775212,0.0010828026761385194,1910.0,1199.0,7.090453672770966,7.4175820424802295,120.0,0.0,0.6666666666666666,10.22838947368421,34.29476889902867,0.1368421052631579,0.0987962296888845,96.0
38,0.1456572580645177,0.16592263873292323,0.023000000000024556,1.3719999999999573,5.352983673469388,7.653568785796409,0.07500000000004547,59.514,0.053061224489795916,0.12491764502031927,248,0.9556451612903226,558.4966531040883,970.022009349177,10672.506734557313,460.7987533595211,764.3921528208102,0.06553740673522887,0.6204348338733143,0.7997889642434587,0.0019035543358070488,1679.0,1049.0,5.500424481276785,5.513726262697901,121.86666666666666,14.84976617848091,0.5866666666666667,2.604824053452116,14.823392159257185,0.7750556792873051,0.3847581068533114,450.0
39,0.3405090909090881,0.3055376109999258,0.1369999999999436,2.258000000000038,7.078757575757574,9.84464900040781,0.3489999999999327,55.333,0.0,0.05190307336971267,110,1.0,460.3747830245394,887.7435904560193,8590.293399576292,535.2628697064164,982.602924561901,0.11331679073614558,1.0851931109165422,0.974507104672741,0.0018192015255717646,1919.0,1199.0,8.714573456284981,10.331049784039495,120.0,0.0,0.9032258064516129,19.512475409836064,49.52816356364427,0.19672131147540983,0.05208941568277882,62.0
40,0.17638392857142327,0.31373382842602326,0.04099999999993997,3.09699999999998,6.255773755656109,8.319864019154984,0.09800000000018372,58.172,0.049773755656108594,0.10852560695610382,224,1.0,547.4731260823429,928.4477857224454,12951.148400708511,394.54752043873737,675.990641128074,0.0922782691847956,0.5553087475296127,0.7430273127661887,0.002908061709804426,1679.0,1049.0,4.906064171580048,4.846924368683132,120.0,0.0,0.4798387096774194,4.992821862348179,19.96579249740012,0.6234817813765182,0.20109841902585654,248.0
41,0.33286111111112276,0.29160834205198405,0.15599999999994907,2.270999999999731,12.664300000000006,12.483406415851917,0.3489999999999327,52.97800000000001,0.0,0.019568397255858426,72,0.5,354.7597375886314,676.3899200282527,7980.30834521046,429.2059894272952,774.6153251040981,0.14350453172205438,0.857938111965883,0.8856357010894081,0.0026944558469361403,1919.0,1199.0,6.039192402834827,6.211359376998031,120.0,0.0,0.6785714285714286,3.5225945945945942,23.528168013274467,0.5315315315315315,0.2864391521401097,112.0
42,0.16028571428570784,0.4038825116324174,0.031000000000062755,3.894999999999982,9.41575609756097,11.73815510451216,0.37800000000004275,47.81700000000001,0.0,0.04511044872007777,91,1.0,449.7023832696338,836.0953688226407,11556.012351046033,360.56010937940283,690.4554367683761,0.07709677419354839,0.5262631866712515,0.7325181617411596,0.003317354464985767,1569.0,1049.0,5.095927603469422,5.822920309558231,120.0,0.0,0.6534296028880866,2.9834963768115945,13.997645099174742,0.6702898550724637,0.3363916229985002,277.0
43,0.37490983606557077,0.2600579854664949,0.10099999999999909,1.6380000000000052,5.726222222222221,7.661018205866457,0.2720000000000482,47.77800000000002,0.00823045267489712,0.11639526697099771,246,1.0,516.6529895435749,896.0324066733692,7406.99070492224,674.8331509235853,1004.2707935631047,0.11570247933884298,1.197875046776355,1.0143708684725337,0.0010894934721920654,1919.0,1199.0,7.755687262315578,7.964375172423939,120.0,0.0,0.4876847290640394,2.8742172839506175,13.155606713383921,0.24444444444444444,0.34877987179332987,406.0
44,0.13661170212765752,0.15325525665649728,0.024999999999977263,1.52800000000002,6.989972826086958,9.53130658525303,0.0829999999998563,47.254999999999995,0.10869565217391304,0.09638974269578526,188,0.9308510638297872,440.5782026040866,737.2844287492838,8709.5028684482,313.0043762730756,526.5562644019907,0.0935329861111111,0.5016302572832336,0.697687248387783,0.00139942634987634,1346.0,1049.0,4.0834523451325095,4.2035651808802985,120.30927835051547,6.084221311208043,0.5257731958762887,3.0384935400516793,11.430018690625406,0.7002583979328165,0.32996087242335004,388.0
45,0.2868923076923099,0.26183452142048863,0.10999999999998522,2.917,6.779683937823834,9.712797909547533,0.24500000000000455,48.644000000000005,0.0051813471502590676,0.10018439065541655,195,1.0,398.15569314144085,785.2092946795756,9796.208246051123,490.8133996756043,895.443492389535,0.10344827586206896,0.9864299739464372,0.9690651741133328,0.0013212590599629315,1919.0,1199.0,5.53818100655836,6.844670634972976,120.0,0.0,0.4407894736842105,2.204424175824176,13.48180001165055,0.27912087912087913,0.4546301992097809,456.0
46,0.17835624999999733,0.27255832740156444,0.02299999999991087,2.0720000000000027,8.32468152866242,13.107568127499759,0.05099999999998772,56.73700000000002,0.07643312101910828,0.07941711806198407,160,0.8625,556.3526276931937,881.3618422681025,12079.999999956053,427.88836963930794,751.6434706007852,0.06881313131313131,0.5454966522210016,0.7296993905444344,0.0022122986803035797,1679.0,1049.0,6.158691793502221,5.929731136697458,120.0,0.0,0.8258928571428571,4.982995515695068,25.738409194101894,0.6681614349775785,0.20158242201280047,224.0
47,0.3020752212389269,0.21463032348131605,0.0860000000002401,1.5139999999998963,5.939306306306307,7.7101589936899755,0.2319999999999709,54.27999999999997,0.009009009009009009,0.07844389526004499,226,0.8938053097345132,374.66127828502755,544.1730176380602,5284.816925956774,393.55967110489667,552.6458315350889,0.08824759514847344,1.016395445033728,0.9114157769914328,0.001267611235959731,1919.0,1199.0,5.1957144380325655,4.72955409242801,121.33333333333333,12.578641509408804,0.5444444444444444,2.6594432071269485,11.193229025603076,0.24721603563474387,0.37685601587820017,450.0
48,0.18506936416185174,0.38784037571960783,0.03099999999994907,2.786000000000058,7.663601190476191,9.582249020938885,0.36400000000003274,40.90599999999995,0.0,0.08610859338875143,173,0.9653179190751445,532.5611421048569,945.4490898087948,10757.144656402554,400.2562942889508,705.5207737519302,0.07908761458111277,0.4877922803085841,0.6832609639358813,0.001731718980479832,1679.0,1049.0,5.591019638473669,5.578251046604587,120.0,0.0,0.5357142857142857,4.0812652329749115,15.194305843737009,0.5197132616487455,0.24590027163197864,280.0
49,0.284951388888878,0.29745686731816706,0.10000000000013642,2.694999999999993,9.986647058823527,11.912083533569048,0.26599999999999113,55.643,0.007352941176470588,0.06990606857494051,144,1.0,369.80250370911887,663.8485349356157,7256.505329401096,400.93247930143946,691.644695845684,0.10586552217453506,0.9139834215596783,0.9100688850262597,0.002537925312324222,1919.0,1199.0,6.66918981577475,6.53880261309264,120.88888888888889,10.2896328024802,0.48148148148148145,4.219483271375465,15.779495808867342,0.3308550185873606,0.2378768696461185,270.0
50,0.3494105960264908,0.3466106136626775,0.09800000000007003,4.071000000000026,4.748073578595318,7.802873950510979,0.2659999999999627,56.98700000000008,0.0033444816053511705,0.14862259230174213,303,0.9240924092409241,565.8125940997146,849.4861758172127,8045.636088735359,663.8406014012207,916.5694782654432,0.0826251180358829,1.1882388545069427,1.041719774482973,0.004019755834629387,1919.0,1199.0,8.876190732336775,8.323816064380923,120.0,0.0,0.5511551155115512,3.6740397350993375,18.154640988343438,0.24503311258278146,0.27308122138505353,303.0
51,0.11181818181818283,0.10428790410276959,0.03899999999998727,0.8419999999999996,8.08242372881356,9.814061601018695,0.07399999999995543,41.41500000000019,0.06779661016949153,0.06399731313680526,125,0.5,612.3793241985401,1043.1343431694472,11455.308083830249,447.9440049165642,769.574977383795,0.05843230403800475,0.5485397706242614,0.704518282964919,0.0013169557805590493,1679.0,1049.0,5.272846102326496,5.391642449274554,120.0,0.0,0.5638474295190713,1.759513289036545,11.469039146509855,0.6644518272425249,0.5692830715229125,603.0
52,0.3343348416289493,0.3900280487750966,0.1290000000000191,4.788999999999987,6.555958525345622,9.943990972165102,0.3269999999999982,59.19599999999991,0.0,0.1022634463706888,221,0.5,648.3708122541441,1113.7469284588203,9339.072152220268,809.3549572512412,1205.3378978108285,0.10630841121495327,1.2039826474468691,1.0137924107168497,0.0006651988665365441,1919.0,1199.0,11.372168340463212,13.632663069108665,120.0,0.0,0.519774011299435,5.4585170454545455,27.787900750591245,0.23863636363636365,0.18424084963136217,177.0
53,0.20764327485380046,0.3617167904450384,0.03700000000003456,3.8530000000000086,7.6715602409638555,9.55678754089431,0.07699999999999818,47.91899999999987,0.012048192771084338,0.08783951771481642,171,0.9298245614035088,469.6648221885777,707.9347514566025,8307.686276002865,300.63502392817463,473.5174302654721,0.06385737439222042,0.47596555572681254,0.6934180422558103,0.0015081636916071312,1674.0,1049.0,4.146970385762998,4.124502014294343,120.0,0.0,0.5865384615384616,4.9624009661835755,21.653164586883502,0.5748792270531401,0.2024888606789023,208.0
54,0.30390555555555687,0.26639450063605424,0.12399999999999523,2.5399999999999636,7.397318181818182,8.522913879714674,0.27300000000002456,54.365999999999985,0.017045454545454544,0.09417136482923245,181,0.9834254143646409,652.5671088567711,1084.8602242834816,7179.886655944964,921.9118808446079,1232.933066017782,0.1398929049531459,1.1041550925507737,0.9716191612043236,0.0028431306274626024,1919.0,1199.0,11.847524091472271,9.463115458076539,120.0,0.0,0.5720930232558139,5.505504672897197,20.880684131545593,0.3644859813084112,0.18248515928832484,215.0
55,0.24203846153846062,0.3500969502710444,0.03199999999992542,2.7919999999999163,6.768106837606838,8.398736710645212,0.09299999999996089,47.143,0.029914529914529916,0.1146073055629032,237,0.9915611814345991,490.02271274122705,836.8049658347159,9125.898753970165,374.9686573890077,651.9780903320568,0.06256627783669141,0.5222861710699599,0.7410952241751996,0.0013980109020092584,1655.0,1049.0,5.4114758634238695,5.16922890428431,120.0,0.0,0.7419354838709677,13.734032520325204,71.91889830166875,0.6504065040650406,0.07340379308181089,124.0
56,0.32437991266375865,0.2737561145463605,0.11799999999993815,2.018000000000029,6.507045045045047,9.049655154832942,0.3280000000002019,54.95900000000006,0.0,0.07528466809652744,229,0.9563318777292577,443.68250133675207,739.164982156383,7807.486631020296,500.44054602658883,766.6338329483935,0.11015412511332728,1.0506527689240428,0.9450478967311676,0.0011338899076626745,1919.0,1199.0,6.698648465647765,7.906990362362538,120.0,0.0,0.5182648401826484,2.6536064073226537,9.854626483824877,0.2723112128146453,0.37770798516073284,438.0
57,0.16462200956937703,0.25420943348074915,0.024999999999863576,1.6539999999999964,7.019849514563108,8.42356511428716,0.049999999999954525,58.702999999999975,0.06310679611650485,0.08160399883021253,209,1.0,503.20630833076166,812.7263730828315,10018.526241243346,342.2705018254135,619.828817275929,0.059851236810240446,0.4506827448640495,0.6631190618643934,0.0012166028766909484,1678.0,1049.0,5.562344637812025,5.431975843367314,120.0,0.0,0.6610878661087866,4.778815126050421,22.33531949624708,0.6428571428571429,0.21013612248737865,239.0
58,0.4144638554216946,0.4581748711452802,0.125,3.380000000000109,9.433981707317072,12.362367474183037,0.32799999999997453,59.031000000000176,0.0,0.08025100192892468,166,0.9939759036144579,449.41248166377835,845.8905590880782,9650.19985332027,548.2766182322342,938.4922356666874,0.15865384615384615,0.9314198910093883,0.9443371942151738,0.0014634465552451413,1919.0,1199.0,8.217650811758094,9.440275850594896,120.0,0.0,0.5951008645533141,1.6878181818181817,9.390012818200029,0.45165945165945165,0.5933358297895625,694.0
59,0.3214256198347109,0.2380366243884232,0.0909999999998945,2.1140000000000327,5.144337606837609,6.833027572999552,0.20799999999997,45.906999999999925,0.008547008547008548,0.11568568867642665,242,1.0,515.3670808377885,861.6981175787369,7274.487998823761,603.1482773107957,907.1838449382243,0.10960591133004927,1.0701874723032718,0.970905398174215,0.0012615869058610096,1919.0,1199.0,8.57611448354641,9.491653761823397,120.0,0.0,0.5952380952380952,1.7675214626391096,10.696678549084698,0.4435612082670906,0.5666634585719541,630.0
60,0.3338376623376588,0.2086495063584547,0.08600000000001273,1.7140000000000555,4.731322475570032,7.175161821388456,0.2179999999998472,58.313,0.013029315960912053,0.14945478025552417,309,0.941747572815534,509.648345155275,852.9767277243593,7612.20177868826,630.0572222441003,967.0753931139367,0.09561752988047809,1.0294840928762343,0.9553961176286363,0.000946354842338113,1919.0,1199.0,6.952543549662079,8.240089319173768,120.0,0.0,0.646551724137931,5.148428571428572,17.155904900243435,0.16883116883116883,0.19507486418333,232.0
61,0.2794328358209035,0.5794795715529459,0.032999999999901775,4.960000000000036,8.634614173228346,10.045902177103125,0.125,50.85500000000002,0.015748031496062992,0.06581732842552179,134,1.0,490.29691826032354,791.5470151855831,12801.876721495899,350.701467043917,629.1271504870916,0.06532663316582915,0.4443428478616478,0.6571177285743343,0.001944725231696231,1679.0,1049.0,4.703426667495372,4.058765293894157,120.0,0.0,0.5404814004376368,2.5851491228070174,11.372707585261644,0.5372807017543859,0.3876731804809523,457.0
62,0.29571176470588545,0.20630623834300085,0.08699999999998909,1.342000000000013,4.2907374631268445,7.302538804420788,0.17399999999997817,46.316,0.05014749262536873,0.16673817231561294,342,0.5,598.6706583223406,1034.4897716560022,11069.534862671982,716.8598218741554,1184.813156459994,0.07207661290322581,1.188946309796948,1.0038829710052066,0.00156889248084851,1919.0,1199.0,9.800257863656142,10.037851974113218,122.7708703374778,18.02294976051982,0.5595026642984015,2.0853790035587187,10.908098049822497,0.3540925266903915,0.480382394625178,563.0
63,0.22323115577889452,0.31377632918682596,0.03300000000012915,1.9780000000000086,7.33737113402062,9.068419701517907,0.1410000000000764,54.334999999999994,0.02577319587628866,0.09834231427633894,199,0.9547738693467337,490.38983928829265,877.6218636499643,10382.215563173213,406.90571755226324,730.6241195984543,0.09080211806236517,0.5460585089588854,0.7644865304750673,0.0013444950414097311,1679.0,1049.0,4.11511470846968,4.124763517268766,120.0,0.0,0.4548611111111111,4.034637630662021,19.53367709302608,0.7038327526132404,0.24871733533919257,288.0
64,0.3355895953757212,0.3328634035770223,0.09699999999997999,2.93100000000004,7.2110297619047605,8.642601411602213,0.3429999999998472,55.85000000000002,0.0,0.0840127602270967,173,1.0,526.6739998051199,909.1595122880392,8199.649087144886,632.0986180299199,1001.1467351088057,0.12525527569775358,0.9695300319144088,0.9405562988181361,0.001312767449377696,1919.0,1199.0,8.36282144140696,9.518293513897069,120.63492063492063,8.705593143366404,0.6412698412698413,1.232710805084746,7.2107252372480986,0.4491525423728814,0.8120796198951772,945.0
65,0.15266497461928458,0.2829531529118657,0.02299999999991087,2.1609999999999445,7.258301587301587,7.491859082159027,0.08500000000003638,39.927999999999884,0.06349206349206349,0.08805716832284172,197,1.0,563.3988040274596,929.2509265647811,11789.864519446453,411.84598598225045,725.740629290428,0.05810862134447398,0.48230511968257206,0.6995826051274158,0.0011069253356116152,1679.0,1049.0,5.063771141811231,4.441244682251999,120.1823708206687,4.674530924489835,0.6762917933130699,1.752074581430746,8.017101653047066,0.700152207001522,0.5716206836340133,658.0
66,0.34333067729084865,0.2407995939311184,0.11400000000003274,1.8969999999999345,5.442902040816327,8.063296240359259,0.22700000000008913,52.89599999999996,0.00816326530612245,0.08837548949810468,251,0.9960159362549801,436.7550470246094,796.7712410898956,6816.488758684461,599.0088097545084,916.1403652591182,0.17995910020449898,1.0526046870829724,0.9677983174375088,0.0011335850670006894,1919.0,1199.0,6.679539532828833,8.176082759246784,121.05494505494505,11.201807779303017,0.676923076923077,1.2336160616061607,8.67281781210618,0.39383938393839385,0.8115167604964343,910.0
67,0.45141056910568517,0.3508531618627783,0.11799999999993815,2.7630000000000052,5.458238683127571,6.799439823258126,0.3410000000000082,40.78100000000006,0.0,0.11947413894842358,246,0.9512195121951219,424.59815753624576,710.361273186039,7056.799661244444,521.5867638854878,781.060854192056,0.12226775956284153,1.098552062831205,0.978410299031483,0.001373941167109065,1919.0,1199.0,8.887141384419843,7.86908331888434,120.0,0.0,0.6428571428571429,3.6656188925081428,14.590703943654308,0.2247557003257329,0.27369384499864485,308.0
68,0.35215950920243516,0.35189155688698975,0.11499999999995225,2.3719999999999573,7.295383647798741,9.854902172404207,0.2559999999999718,53.399,0.006289308176100629,0.08157755065393858,164,0.5,485.60962148352024,877.8325440630482,7107.13499144425,613.4839640265192,1000.1377690220612,0.115234375,1.0396098476820559,0.9618885687298019,0.0034650297226422556,1919.0,1199.0,7.505256911202517,6.935360509606776,120.0,0.0,0.5659574468085107,7.985521367521367,47.842246001002955,0.3547008547008547,0.12576179538609406,235.0
69,0.18005600000001448,0.2516724634599449,0.025999999999953616,1.7210000000000036,6.300508474576271,9.024790939637622,0.09199999999998454,47.939,0.059322033898305086,0.060746167038352214,125,0.92,463.8035585382713,835.1220922441327,10754.28262782639,344.40777203593916,632.9238700158561,0.09070918086860913,0.6232585498532318,0.7973003985691223,0.0022416553632860397,1676.0,1049.0,3.3532670616959144,3.8012461056588656,120.0,0.0,0.5045592705167173,1.6812024353120247,10.18736746003191,0.7047184170471842,0.5957177130958309,658.0
70,0.33997348484848766,0.30686287045949207,0.09400000000005093,4.6879999999998745,5.316576335877863,7.419672408967028,0.3529999999998381,44.788,0.0,0.13221105274422748,265,1.0,517.2211024015023,894.3386229025189,8022.787757075288,661.9354674948032,993.7444886301827,0.12385568120624664,1.1523856160909982,1.022865285796161,0.0010218744301812865,1919.0,1199.0,8.95630969660002,11.176671842521985,120.0,0.0,0.41916167664670656,5.57978978978979,41.15185126144509,0.3123123123123123,0.17975641391336172,334.0
71,0.12573333333333608,0.08677689144517749,0.023999999999887223,0.5470000000000255,7.490740112994352,9.19240599073825,0.18099999999998317,53.28999999999999,0.011299435028248588,0.0881996251515931,180,0.9444444444444444,827.2143690983382,1402.527822890491,15280.013089013526,651.3165405284057,1065.1109156318178,0.07532517957678121,0.6638911175199985,0.7783430751652556,0.0006671300003814579,1679.0,1049.0,5.6023801553885955,5.93241094648595,120.0,0.0,0.8037974683544303,7.5670445859872615,23.205178336907764,0.5159235668789809,0.13299372235961165,158.0
72,0.3585240641711209,0.46160766869198017,0.09100000000000819,4.228000000000009,5.912215469613259,7.060380673300512,0.26100000000008095,47.839000000000055,0.011049723756906077,0.09244204699318648,187,0.9572192513368984,591.1837978069653,980.368308054647,8002.036332717272,761.9721167132682,1054.3297410158223,0.1411192214111922,1.036522006086283,0.9513432248974444,0.001331540515866383,1919.0,1199.0,9.69310928280182,8.230957219111538,120.0,0.0,0.5877192982456141,3.498536656891495,14.802731073487536,0.36070381231671556,0.2866720145247154,342.0
73,0.3567727272727227,0.6839062163849089,0.026999999999986812,4.391999999999939,5.264238683127571,7.01495123693748,0.10000000000002274,44.25200000000018,0.04526748971193416,0.11230032730111521,248,0.9758064516129032,904.2827817302243,1709.6620637206158,17162.214309285875,817.9681757003156,1470.3913090044248,0.05682670667666917,0.7322323951094315,0.8790311149780531,0.0006334094825951261,1679.0,1049.0,6.595584580329224,7.1841941922951715,122.26415094339623,16.32702464361052,0.0,20.964576923076923,66.43501573612718,0.7884615384615384,0.04861680600426727,53.0
74,0.3044852941176464,0.2706910813980416,0.1150000000000091,2.1219999999998436,9.026424,9.939770027330816,0.3269999999999982,48.672000000000025,0.0,0.06489853162300252,136,1.0,355.499962597053,691.4809257993933,9228.901609502229,408.1970721066355,730.9214035080116,0.15881326352530542,0.8573277363508574,0.8916911138263373,0.001861760428055186,1919.0,1199.0,5.917216885809673,7.2759901524384905,120.0,0.0,0.4934640522875817,3.8052491803278694,24.793196594641284,0.43278688524590164,0.26365650210537467,306.0
75,0.38064754098360637,0.3947165495151802,0.09100000000000819,3.424999999999997,5.5544688796680495,8.454688038348614,0.20899999999994634,52.17900000000009,0.008298755186721992,0.11970718836760115,244,0.5,398.4629109742766,755.1659652305218,8618.451228025308,473.50909607321034,823.6435112187428,0.13380839271575615,1.0328637568791428,0.9494114492860926,0.0053006943681211715,1919.0,1199.0,7.781266937376502,9.386782993969424,120.34433285509326,6.418829916432912,0.5753228120516499,1.586462643678161,6.761709066822651,0.5201149425287356,0.6312388038885034,697.0
76,0.1672049469964598,0.23388349998585728,0.02400000000000091,2.66599999999994,5.17677857142857,7.1994307955240995,0.08300000000008367,51.93199999999979,0.06785714285714285,0.12916399857052424,283,0.9611307420494699,504.93666214530697,889.4955637980861,10659.574468130899,417.1097089054349,735.7111422183864,0.06448683015440508,0.6265020995649948,0.8101408990034158,0.0011838152687166114,1679.0,1049.0,4.813422066063174,5.168734942100913,120.76142131979695,9.528420433072482,0.5456852791878173,1.5031956797966965,11.881230760043316,0.7534942820838628,0.6660946818087682,788.0
77,0.33559130434783063,0.36851210576899435,0.08600000000001273,4.412000000000035,6.025530973451329,8.872639550560663,0.24900000000002365,58.485000000000014,0.022123893805309734,0.10293858326075417,230,0.5,488.1520787358365,788.6939209525758,9532.245687954004,570.3011463017716,874.9453118919456,0.09970384995064166,1.1450663198433453,0.9574014249961847,0.001134306066026367,1919.0,1199.0,7.527374701348991,7.011105547517911,120.0,0.0,0.5379464285714286,1.3208748603351956,6.877122663555701,0.31731843575418994,0.7579198821163897,896.0
78,0.13144144144143785,0.20578192711180768,0.025000000000005684,2.54099999999994,6.317228310502283,8.49726261873794,0.05000000000001137,52.38499999999999,0.0273972602739726,0.1151801765577211,222,0.972972972972973,585.0886451566263,873.4360108633607,9384.615384591092,444.8170580977332,644.9812891116879,0.0695233930913861,0.5368746559148564,0.7396897728849965,0.001595342772569365,1679.0,1049.0,5.039813328855665,4.38806848149239,120.0,0.0,0.3953488372093023,10.648029239766082,55.71639790200533,0.783625730994152,0.09446329743911099,172.0
79,0.4077385620915087,0.4195840730953864,0.09399999999999409,3.048000000000002,7.327602739726027,9.833114111503818,0.3440000000000225,46.535,0.0,0.07585380146531696,153,0.9607843137254902,336.50558101457483,580.8890048920051,4641.062923558038,394.4089152526006,598.2915756402498,0.1559633027522936,0.9008944067191595,0.9314937040488919,0.0022602076470852966,1919.0,1199.0,5.656064002530514,6.058897482263353,120.0,0.0,0.5138888888888888,3.1570891364902507,17.3969812814733,0.4178272980501393,0.3176297760268927,360.0
80,0.2725121951219583,0.46067715033757023,0.04800000000000182,3.464999999999918,11.071813559322035,13.823611302399108,0.08500000000003638,58.00800000000004,0.03389830508474576,0.059453233265002396,123,1.0,565.4422684761184,953.4353223210364,13164.179004883112,459.4458052766651,797.2211023992994,0.07957474226804123,0.5777908015383795,0.7432596312899088,0.002215580953671291,1679.0,1049.0,4.5350714620870765,4.233326061039641,121.16316639741518,11.75699841038292,0.7140549273021002,2.9522135922330093,29.816485420400053,0.8478964401294499,0.33927698375636073,619.0
81,0.3660266666666701,0.42311909980786555,0.09400000000005093,3.6929999999999836,9.267093959731543,10.02549148996361,0.33299999999997,46.65599999999995,0.0,0.07510778713557802,151,1.0,327.8017166251971,654.0723113628312,5808.623613924671,382.5527285983611,725.4645815965022,0.14503464203233257,0.8394498641229385,0.8948106475541174,0.0017093474363164352,1919.0,1199.0,4.686208476965807,6.191967846133521,120.0,0.0,0.7049180327868853,9.129561983471072,31.66430254823233,0.17355371900826447,0.1104395221408611,122.0
82,0.27196756756757545,0.17370116938418453,0.09299999999996089,1.558999999999969,7.270741573033708,8.355002964016297,0.3079999999999927,48.69599999999991,0.0,0.09336370765955858,185,0.9945945945945946,436.011841409137,771.1573761500424,12051.967383681404,518.7876141365871,850.0243974621515,0.11753463927376971,1.0416808089210163,0.9380521281275379,0.0012699249663074882,1919.0,1199.0,6.360357744024032,6.79861103632491,120.0,0.0,0.4824120603015075,2.616680100755667,7.905451836962325,0.3123425692695214,0.3831262718733335,398.0
83,0.1429508771929845,0.14103914241165,0.02400000000000091,0.94399999999996,4.952212230215828,7.014557785760873,0.07500000000004547,58.952,0.03597122302158273,0.14458652818828516,285,0.5,663.6881872209692,1078.9086713091067,13279.734611468028,581.4095219493418,898.2417920491865,0.0698776154757205,0.5849521286226931,0.779838798656801,0.0004888463335603154,1679.0,1049.0,5.3218655540759565,4.4848525661859036,120.0,0.0,0.6985074626865672,3.0154850299401197,12.260881897907936,0.6377245508982036,0.33261448888571166,335.0
84,0.37508457711442705,0.4255608974328224,0.10599999999999454,4.354000000000042,6.7926649999999995,8.688907585121099,0.2340000000000373,58.843,0.005,0.09983393958563973,202,0.995049504950495,385.57451245824006,705.5077274572466,7141.500947608239,447.9642964717337,762.6470057688279,0.12058663769690385,0.8649083623580415,0.9163138658853159,0.001381181961931531,1919.0,1199.0,5.962439223585823,6.474146558619356,120.0,0.0,0.5176738882554162,1.2214954337899544,5.573492508369124,0.4246575342465753,0.8196031886956441,877.0
85,0.2796304347826165,0.5285381819683036,0.03200000000003911,4.8799999999999955,9.821924812030078,11.112884016639388,0.10900000000003729,50.952,0.007518796992481203,0.06603900895546387,138,0.9565217391304348,477.3534040560145,748.1366755682841,9848.242617488799,363.6797052166305,576.1385273098629,0.07500599089384136,0.5031033918352826,0.7070666758708014,0.002175359785914571,1679.0,1049.0,4.064492087545321,4.047191658826675,120.0,0.0,0.6049019607843137,1.3356270853778214,8.901862880993189,0.6918547595682041,0.7494467319713977,1020.0
86,0.31349339207048327,0.20906088251871915,0.09499999999997044,1.7899999999999636,5.581892376681614,7.871535326224784,0.2920000000001437,54.678,0.004484304932735426,0.11320136437433904,228,0.9692982456140351,580.1082372768691,1050.4006878121502,8810.802832113539,771.0578760326104,1215.6716530055558,0.12277470841006753,1.0102717371650245,0.9915430225539655,0.0010914683758367694,1919.0,1199.0,10.7229017029805,10.652272659416353,120.22346368715084,5.173558392308481,0.5195530726256983,2.201102611940298,8.091839152393119,0.3805970149253731,0.45516536403481633,537.0
87,0.12202222222222708,0.1674531207661432,0.022999999999683496,1.3479999999999563,5.051101503759398,7.515089551254934,0.055000000000063665,45.304999999999836,0.10526315789473684,0.0883537054071486,270,0.5,844.0298104630027,1442.13558535678,14484.47444674723,700.7671301230835,1175.6869924161122,0.04677444671166222,0.6388059507572528,0.8117723583358679,0.0014033394657432807,1679.0,1049.0,6.227801714336603,5.82391900476064,120.0,0.0,0.43573667711598746,3.85398427672956,13.307923686970986,0.660377358490566,0.2602876872500647,319.0
88,0.27646012269939024,0.6024179321486148,0.027000000000043656,4.291999999999916,7.137518292682928,8.993868309259348,0.24700000000007094,49.80799999999999,0.006097560975609756,0.08378953448999035,170,0.9235294117647059,515.7889941083123,1054.9088059590847,13320.201506215113,421.36260128883606,835.5868303526041,0.08916537065837221,0.5487056208872477,0.7769674651954931,0.0015337821802369174,1679.0,1049.0,3.8111918129128477,4.642976292406428,120.0,0.0,0.5176470588235295,2.7158820754716984,12.554353976761593,0.6721698113207547,0.3690729062276928,425.0
89,0.1429519230769271,0.16826357985016918,0.03200000000003911,1.5750000000000455,6.496536945812808,9.068673109820027,0.09399999999999409,57.64099999999996,0.04926108374384237,0.10189979428979028,208,1.0,432.96565043502545,718.1689963917455,14185.370694788036,337.23979477838674,565.6746992350314,0.0779623881687055,0.530063920019217,0.7387006996878549,0.0016295219972425779,1679.0,1049.0,3.7043301682251597,3.4943898183601956,120.0,0.0,0.5296,1.8605560897435898,8.781087439049825,0.5833333333333334,0.5383350545699478,625.0
90,0.36019354838709416,0.40179024419097614,0.10000000000002274,3.29200000000003,6.312289719626168,9.119726629889353,0.20699999999999363,53.40999999999997,0.03271028037383177,0.10675417584313864,219,0.9497716894977168,486.2475822344022,855.2038504815223,9253.777750197794,563.2219765279456,943.0581766010207,0.07957302280446385,0.9868065194745935,0.9395148581361482,0.0011298801508474634,1919.0,1199.0,8.704354129530683,10.970840461388326,120.16666666666667,4.46902922593064,0.41388888888888886,1.4564214186369957,8.296484849367593,0.4283727399165508,0.6875694134746416,720.0
91,0.3322804878048901,0.2844796179586718,0.08699999999998909,1.7630000000001473,7.469522292993629,9.875917745041619,0.17599999999993088,53.117999999999995,0.03184713375796178,0.08119028924535607,164,0.9451219512195121,472.79819872692616,812.8434617636138,6227.756275324369,546.7803714434036,851.1072917574095,0.12310385064177364,0.9444794041191167,0.9385873717604354,0.0010810918052411324,1919.0,1199.0,7.109649538710498,8.329815606790321,120.3896103896104,6.826525506987752,0.5963203463203464,1.1895048754062838,7.081078972720675,0.4723726977248104,0.8415967385393924,924.0
92,0.3186808510638263,0.1808514032537536,0.10000000000002274,1.1820000000000164,5.840819742489269,8.491459910378618,0.30599999999992633,50.600999999999885,0.0,0.11391385313125531,236,0.8432203389830508,544.6578602457741,982.9272084828151,10676.487997334256,642.3148156375084,1129.04435568529,0.09757356737222508,1.0070703207480067,0.9521154979123146,0.0009669645061472238,1919.0,1199.0,8.877889045749145,11.00698298021131,120.0,0.0,0.5196374622356495,3.481533333333333,18.347099914513226,0.43333333333333335,0.28810015788933124,331.0
93,0.25152863436123446,0.483832290472044,0.014999999999986358,3.45900000000006,6.0743004484304945,8.219065271739893,0.09299999999998931,53.618999999999915,0.04035874439461883,0.11261761873008817,228,0.9824561403508771,625.5880378219014,1255.4130526706072,16140.98702681494,564.9826927386495,1080.7088431093505,0.07341590378747083,0.6449892393026336,0.7857804133479,0.0010881977550907947,1679.0,1049.0,5.031425876221136,5.578961469852572,120.0,0.0,0.5525291828793775,4.6224296875,18.530896465086187,0.578125,0.21718150796642052,257.0
94,0.3378931297709902,0.2772684716527369,0.1169999999999618,1.7539999999999054,7.247317073170732,11.00236004048405,0.2800000000000864,59.374000000000024,0.008130081300813009,0.06583994309832797,132,0.9848484848484849,516.1924202456778,1067.7239645364534,7816.935716138179,712.1458636352722,1255.26245376528,0.16526610644257703,1.0250805090632777,0.9531490901910726,0.0019195354012814447,1919.0,1199.0,7.941908452039426,8.95848471273909,120.0,0.0,0.5424242424242425,3.4283647416413374,16.722644894882432,0.3677811550151976,0.29257082873790263,330.0
95,0.10786181818181897,0.08586849880837014,0.03300000000001546,0.6739999999999782,4.894594795539034,6.46282266725417,0.09100000000012187,46.639999999999986,0.04460966542750929,0.12895589802073798,275,1.0,607.5525572954789,1044.3104359365263,11738.926697062101,568.0083519690584,894.2466908111777,0.07492507492507493,0.6505355790679641,0.7920889593948622,0.0010686873989074926,1679.0,1049.0,4.7261752421017675,4.922822613406029,120.0,0.0,0.7174515235457064,3.2268611111111114,14.131342249397221,0.7,0.31075951001575314,361.0
96,0.3858219178082197,0.3424685703993762,0.12100000000000932,2.393000000000029,6.102097222222223,7.357488202680644,0.2939999999999827,46.27199999999999,0.004629629629629629,0.10647323219186573,219,0.9041095890410958,546.3646887147243,959.0439550631354,7752.291658597512,691.4454923433365,1045.579123138133,0.15141540487162608,1.0784369534141294,0.9583418620420229,0.0014740819630459849,1919.0,1199.0,6.855480571568233,8.014116940959672,120.0,0.0,0.6280487804878049,3.577455657492355,14.094758581084063,0.2691131498470948,0.28038309905387804,328.0
97,0.310609271523188,0.24200514398533654,0.09200000000009823,1.5450000000000728,7.2193310344827575,8.896684040197544,0.18299999999999272,45.216999999999985,0.027586206896551724,0.07416827159929879,151,0.5,440.59478135490394,865.7710029166673,8302.567934112953,588.0159383462234,1000.9720875014851,0.15632183908045977,1.0163397256591433,0.9525813295414185,0.0025799671227008263,1919.0,1199.0,9.995085430735816,10.263329142964098,121.80225281602003,14.595280836953805,0.46808510638297873,1.4952531328320802,11.142647535317844,0.40977443609022557,0.669621157011495,799.0
98,0.12304424778762026,0.19404622154328963,0.014999999999986358,1.933999999999969,10.060877358490563,12.850894192295055,0.09399999999982356,52.82100000000014,0.05660377358490566,0.05653259103873383,113,0.9646017699115044,548.0896822215237,1011.4766747500375,8935.897435900353,434.99556535622446,792.531524241404,0.06703271562571494,0.5803110744604862,0.7537234899259208,0.00023615531900292595,1679.0,1049.0,4.057497815858146,4.691695729803717,120.0,0.0,0.5773195876288659,2.0128244406196214,10.957329699397384,0.6712564543889845,0.49766941924031016,582.0
99,0.3022380952380969,0.31841161287776515,0.1069999999999709,3.8379999999999654,6.971025000000003,9.552866438241196,0.28499999999996817,59.12799999999993,0.0125,0.07623497252137641,168,1.0,451.4968314817033,935.3039742351608,8550.38006228936,630.1582933096232,1114.487447775533,0.167574931880109,1.1036318737418738,0.9714482457477924,0.0018252306685874568,1919.0,1199.0,9.446804129091733,9.592597801987061,120.0,0.0,0.5703125,9.250755905511811,34.97696335795272,0.2755905511811024,0.10895044967595753,128.0
100,0.19778888888889662,0.3335421732825196,0.02599999999983993,4.217000000000041,5.706874524714829,7.664155578620876,0.0929999999998472,51.85400000000004,0.049429657794676805,0.12944288740098817,270,0.5,576.3685042804661,1000.1773860177335,11191.748210924321,429.4027274677431,784.7902387809066,0.053064371065141974,0.5448782227287857,0.7262918218681015,0.0008815840275389685,1679.0,1049.0,4.792165139143789,4.9409622603506,120.19292604501608,4.8076922679268606,0.5884244372990354,1.7438486312399357,7.650561668178433,0.7004830917874396,0.5743676876621757,622.0
101,0.37891954022988655,0.26520318466867826,0.1150000000000091,1.69399999999996,7.950245614035089,10.876044691821754,0.3199999999999932,55.863000000000056,0.0,0.0817593872624481,175,1.0,484.39722981276225,900.7645921427917,9970.996234215398,651.2638530548825,1036.097396751412,0.14142857142857143,1.1881374556127997,0.983171195882055,0.0020612953988544034,1919.0,1199.0,9.940625610077781,10.647412966537,120.0,0.0,0.5126582278481012,3.612485714285714,14.125751968710977,0.23492063492063492,0.277696490039396,316.0
102,0.21390303030303084,0.41008932100572576,0.03099999999994907,3.7890000000000157,7.823919254658384,8.84483403211118,0.0759999999999934,42.745000000000005,0.018633540372670808,0.08133732362740802,165,0.9454545454545454,496.66051845974806,876.1219530859137,8658.816423505134,390.0962342320062,672.2139955865579,0.10516018586451455,0.5272248326129663,0.7108045029575826,0.0021347939408152884,1679.0,1049.0,3.6967696178150877,4.005730249642015,120.0,0.0,0.46635730858468677,2.5723,11.217277413146574,0.7069767441860465,0.3896612297925393,431.0
103,0.15938197424893238,0.2297662649283152,0.023999999999887223,1.9660000000001219,5.812449781659389,7.705600528519511,0.09999999999990905,59.40899999999999,0.034934497816593885,0.10917772305875681,233,0.5,770.5023597932935,1365.2221246809972,14720.000000013388,629.9363465457495,1074.0412493537267,0.06005089058524173,0.6203708211358775,0.783954358984518,0.0009458709728718652,1679.0,1049.0,5.143478400290975,5.271321280869461,120.0,0.0,0.5966666666666667,4.354675585284282,18.38367948015857,0.6521739130434783,0.23040625230406253,300.0
104,0.32319580419579097,0.24011382087543193,0.08799999999996544,1.5470000000000255,8.808284671532844,10.152734872964716,0.26500000000010004,51.50199999999995,0.0072992700729927005,0.06484781397112141,143,1.0,583.3712610158897,1160.588919268451,13400.633680872998,736.2641701506302,1306.019382076486,0.13260530421216848,1.1228930359756895,0.959218157890864,0.0028618778076485887,1919.0,1199.0,10.229460776639604,9.716980325909384,120.0,0.0,0.611147116007777,0.7620732814526588,3.730636497464231,0.4974059662775616,1.3130607420367504,1543.0
105,0.19922758620689768,0.4742573249550113,0.02599999999983993,4.270999999999958,9.300692857142856,11.849878676833086,0.0660000000000025,52.34899999999999,0.02142857142857143,0.06989585517578809,145,0.9586206896551724,635.0479402489618,1246.1476371801168,16929.575730378456,573.6413843928075,1083.4342360874093,0.07747057213249384,0.6082268029373807,0.7843035849281793,0.002630817361443354,1679.0,1044.0,5.334254539779792,6.270212897077734,123.10077519379846,19.038860692103878,0.4909560723514212,2.974238341968912,16.609121986918925,0.7642487046632125,0.33709157044604093,387.0
106,0.2851627906976709,0.20106914968873926,0.10900000000000887,1.5910000000000082,9.826209677419351,10.407687734953122,0.3120000000000118,51.49800000000005,0.0,0.06192184612184895,131,1.0,466.67708657259294,923.0299069036971,9530.14963644392,523.3343562146497,967.0951125427631,0.15098171970209884,0.9316561184899242,0.9181115763936155,0.0016577520104284612,1919.0,1199.0,6.507923983717154,6.712597762708428,120.0,0.0,0.42771084337349397,6.354672727272727,31.56889044251762,0.41818181818181815,0.15831824064563324,166.0
107,0.193481481481492,0.342859432417726,0.032999999999901775,2.7999999999999545,9.074007633587788,10.984116916487016,0.09199999999998454,53.75999999999999,0.05343511450381679,0.0667317837059768,135,1.0,469.29579496206054,1032.9831225474406,22553.65158896224,324.2780381218463,859.0918445834042,0.07614098508811568,0.46081117980094616,0.6656878397690027,0.001936862508312778,1679.0,1049.0,3.52077465682,4.239140007416168,120.75,9.45714015968887,0.7140625,1.8334053208137715,10.412309465575829,0.7214397496087637,0.5462867015038249,640.0
108,0.49391785714285685,0.5281413876940647,0.12399999999999523,4.383000000000038,4.735227891156463,6.571353692568029,0.17899999999985994,56.363,0.01020408163265306,0.151706493037902,296,0.5,438.8530923832996,702.351323374586,6749.592538595845,506.82643970775,748.8755553576002,0.09303621169916435,1.1582782185221698,0.9886049056687233,0.0010468095791118582,1919.0,1199.0,6.273272561652095,7.622105798368413,120.31496062992126,6.139712973108009,0.5669291338582677,3.0544000000000002,12.007897190818346,0.19210526315789472,0.32825811254169995,381.0
109,0.15078260869564175,0.2374610999659986,0.023999999999887223,3.1920000000000073,6.672487684729065,8.759013324980623,0.05899999999996908,53.57100000000014,0.059113300492610835,0.06535918820730797,207,0.9468599033816425,681.5756634590347,1383.8079050029955,19089.709627947646,590.3609999656218,1121.297238487651,0.07056179775280899,0.6666062079516045,0.8131912257900359,0.001219880115323143,1679.0,1049.0,4.977832512759482,5.415005480248586,120.0,0.0,0.6928571428571428,3.9609498207885308,18.329151639936203,0.6738351254480287,0.25336958931504244,280.0
110,0.3155882352941212,0.2095717978908843,0.10000000000002274,1.4790000000000418,6.422739130434783,9.036095284263824,0.2980000000000018,50.700000000000045,0.005434782608695652,0.09313371673380055,188,0.8829787234042553,532.738125886635,820.93899741772,7315.508021394359,594.3270940464728,859.5899781154768,0.09153318077803203,1.1536438252699819,1.0085150241201744,0.002909577044741859,1919.0,1199.0,7.800354017531181,8.71583604457439,120.0,0.0,0.5297297297297298,1.8409837545126353,8.05441707917436,0.36823104693140796,0.5441683294032288,555.0
111,0.1744345549738248,0.3062158576496503,0.03299999999998704,3.008000000000038,6.599758064516128,9.15112775179318,0.08199999999999363,45.099999999999994,0.021505376344086023,0.09501603582154297,191,0.5,451.7454445351555,796.6937150845864,12216.679439000289,319.2572104009413,589.7926264120428,0.08559670781893004,0.5489343223123231,0.7180024104628172,0.0017367260105748477,1674.0,1049.0,3.530189838859958,3.9187397557509445,120.0,0.0,0.6271929824561403,5.0022907488986785,19.025600529554346,0.6607929515418502,0.20078906580245173,228.0
112,0.30395111111111073,0.17546287308743883,0.11499999999995225,1.191000000000031,5.290145454545454,7.431114268993779,0.3220000000001164,50.298,0.0,0.11098768184715073,225,0.9777777777777777,398.6686014853674,714.7150605801363,9071.79658313268,435.3585048245794,699.9751339569833,0.12847033206314643,0.8979579926058516,0.9279038329175038,0.0013555973758239703,1919.0,1199.0,6.083689554617289,6.347193991541568,120.0,0.0,0.5737704918032787,2.5375671232876713,18.031903129457852,0.3780821917808219,0.3951579120115049,366.0
113,0.20335046728972114,0.4320766671917848,0.024999999999863576,3.400000000000091,6.329057142857142,7.746094925006457,0.049999999999954525,47.54599999999982,0.0380952380952381,0.10678775932833494,214,0.9953271028037384,502.8456761249854,956.1520595138912,15453.693980775333,434.46679429062436,858.4124776960685,0.057638238050609185,0.6098405146580895,0.7724671544653541,0.001967194486679845,1679.0,1049.0,4.032258229026198,4.897671321723974,120.0,0.0,0.44786729857819907,2.686667458432304,13.987139175577315,0.7244655581947743,0.37309243232395034,422.0
114,0.31454913294798176,0.26320014618179177,0.1139999999999759,2.3310000000000173,7.946829411764707,9.74901343969586,0.3489999999999327,52.92500000000007,0.0,0.08764877624174137,174,1.0,497.48311537047664,843.8257710322359,7885.774285964688,556.3028425496107,853.7481098968311,0.13027522935779817,0.9581664001117927,0.8980761939884856,0.0014572123403454177,1919.0,1199.0,9.03657514124346,8.18302803725308,120.0,0.0,0.5221238938053098,14.768866071428572,77.81165457767874,0.375,0.06831455892070251,113.0
115,0.3518802083333381,0.3874598786002916,0.12400000000002365,4.339999999999918,6.862780104712042,9.057112319866782,0.2339999999999236,54.726,0.005235602094240838,0.09808981405189404,195,0.9333333333333333,561.9306631511158,1048.0129147785228,8619.551756348972,673.5860126394373,1131.1906532638498,0.0986159169550173,1.1032401668564615,0.9914037419918367,0.0038631481018541244,1919.0,1199.0,8.882095138263548,9.331674227056315,120.0,0.0,0.6456241032998565,1.6197701149425285,10.469057098581505,0.4166666666666667,0.6182585864320183,697.0
116,0.23749019607842511,0.2987359889272712,0.02400000000000091,1.7480000000000473,6.8645025125628125,8.017155551342125,0.14999999999997726,41.72200000000001,0.035175879396984924,0.09982496377675028,204,0.9901960784313726,636.4493611944657,1135.0118671911412,13442.262899877702,541.8983034749871,893.5848240359356,0.111474435196195,0.6925611594810916,0.8373462905265906,0.0018278363624006134,1679.0,1049.0,5.455045550708268,5.294588860773901,120.0,0.0,0.7373540856031129,2.315473684210527,13.006706108660481,0.5692007797270955,0.43271893978808557,514.0
117,0.3822758620689991,0.4379026932181373,0.09999999999990905,3.604000000000042,9.175603773584909,10.35808378749009,0.3589999999999236,47.18100000000004,0.0,0.031326050292115416,118,0.9491525423728814,343.1331027227977,767.8607628778942,7784.746946363202,401.6201774443434,834.0478261812403,0.15978098556495768,0.837246890986549,0.8668701510156213,0.0028572792670595185,1919.0,1199.0,5.089601452428265,8.45317431858679,120.30226700251889,6.015037403163445,0.7052896725440806,3.208888888888889,29.657687370127487,0.5606060606060606,0.31242130445731553,397.0
